ID	sex	B_IN	B_Mem	Plasma	CD4_ET	CD4_NC	CD4_SOX4	CD8_ET	CD8_NC	CD8_S100B	DC1	Mono_C	Mono_NC	NK	NK_R
ENSGEXAMPLE001-rs000001	female	-0.0685729525259876	0.0802701672429437	-0.00707454007344221	0.0276617875433683	-0.371731710778891	-0.25169762443597	0.0252263387167113	-0.307588667824767	0.0786164795892561	-0.471350347224098	0.2066932032378	-0.352301925750342	0.221240317879834	0.147446057997629
ENSGEXAMPLE002-rs000002	female	0.183670739558384	0.20030166842223	-0.238703107352468	0.468638402091571	0.135010385919202	0.0697980964663426	-0.309944504221106	0.242052840387116	-0.0681058100751469	0.167216568825232	0.337287558882052	0.0728624157101587	-0.0318778125040673	0.0718739464666693
ENSGEXAMPLE003-rs000003	female	-0.089428326881578	-0.16310234663156	-0.0441931844495525	-0.163103925143188	0.209885414931944	-0.29603334489908	-0.0776313680982827	0.181716675405873	-0.159196036264534	-0.115397138529318	-0.292783427242111	-0.0641050487076982	0.112905558657721	0.20232539972807
ENSGEXAMPLE004-rs000004	female	-0.0457494471008138	-0.29788746723476	0.233879495063333	-0.23760422487881	0.131099905526082	0.233939323272673	-0.213201079420482	-0.0516424117059028	-0.160080290277877	-0.00918414746284857	-0.167251290526359	-0.120375014925154	0.006617826426648	-0.105298377457239
ENSGEXAMPLE005-rs000005	female	-0.234209443520088	-0.388335834963438	-0.240439010273123	0.0425790407326387	0.0382120593976693	0.0556046854933942	-0.097930253108873	0.141328526926146	0.294281811561707	-0.118885937073324	-0.00677355244841197	0.0286883586379425	0.173535054202829	0.146743911520227
ENSGEXAMPLE006-rs000006	female	-0.260548791045132	0.138457940592606	0.145277291096568	-0.129289619668179	-0.0398859848361846	-0.0236783894970702	0.225225790250617	0.070224220579904	-0.0119166459020482	-0.104090221887439	-0.0595654550200906	-0.336432245060094	-0.119387829504317	0.0531688367405503
ENSGEXAMPLE007-rs000007	female	0.282145642525991	-0.00402184615082704	0.000174160763046339	-0.313058231283967	-0.153261978710858	0.0489852732787569	-0.499690578749437	-0.0471671736252706	0.405793792497907	-0.13596148350028	-0.187074045016363	0.131263306195775	-0.100413932655088	-0.320150280516246
ENSGEXAMPLE008-rs000008	female	0.302906786843422	-0.125017759817323	-0.142005642369092	0.0268708674126237	0.200160600845791	0.103520780139935	-0.144003640794769	0.164208023855726	0.13808954386145	0.216134535983884	-0.207641375472933	0.51520772127195	0.221394957502138	-0.176019976705955
ENSGEXAMPLE009-rs000009	female	0.235692346178938	0.0972830365243918	-0.22883455334925	-0.0383302906883125	0.218369645837333	0.1752554166165	-0.0401658781019649	0.0848390790304458	0.241994414715729	0.082770979931971	-0.166017854663288	-0.0706501057475074	0.0906400260912906	-0.015698381659957
ENSGEXAMPLE010-rs000010	female	-0.0491077012484227	-0.0927325998359335	-0.00079571255311861	0.221512305851848	-0.14118575941103	-0.0894133594882231	-0.2806767803635	-0.145555294542042	0.028355258269977	0.0580572303417121	0.304637600679217	-0.267571998502168	-0.0819504631595154	0.0497494868847138
ENSGEXAMPLE011-rs000011	female	-0.189647073488092	0.095269433668077	0.0450113614856995	-0.0390998951632591	0.0541139094023298	0.372983286526353	0.0491221404790988	0.035405720004629	-0.143142357823474	0.00481881297655337	-0.113534080269213	-0.11662207593627	0.200500916372698	0.0258358175839384
ENSGEXAMPLE012-rs000012	female	-0.030849108428784	-0.102454781758339	-0.235608975514813	0.0429567169487478	-0.0617116564453211	-0.168262135494511	0.294860362835765	-0.477800497013954	-0.0294339371127638	0.144409999777448	-0.247185653640512	0.06913901807075	-0.128983423383741	0.292502170073014
ENSGEXAMPLE013-rs000013	female	-0.20315192216611	0.0113739941081167	0.154991472079649	0.17952248846713	-0.124118714730831	0.0487131411766226	0.0612022857459144	0.000778885226317076	-0.112970098676683	-0.238828099652248	-0.415209622353899	0.0626880214129416	0.2516916446131	0.15195970220045
ENSGEXAMPLE014-rs000014	female	0.0606147709325093	-0.152921270486795	-0.085095053396993	-0.162419817849781	0.300869928845085	0.12936529673841	0.0171470087967208	-0.301045641078396	0.148569367695829	-0.13683632595752	0.265848149938684	0.00182969086683289	0.383825297777106	-0.00381523221434265
ENSGEXAMPLE015-rs000015	female	0.121350866797797	0.0503559659428139	0.177339843230152	0.322896491784879	-0.0328531386177301	-0.144837285625981	0.0145128067291311	-0.0716422503631818	0.0151993004591539	0.10547256407922	0.0895900349949897	0.467848028093389	-0.312308518763416	-0.460929783279809
ENSGEXAMPLE016-rs000016	female	-0.0172583856428663	0.019197482538739	-0.0147912866742479	0.097375250227622	-0.264189838127842	0.306283722780636	-0.130876933675936	0.0287488745187721	0.0110830932352838	-0.113035144024555	-0.359350421700762	-0.116210471793768	-0.27934112498473	0.165909220892194
ENSGEXAMPLE017-rs000017	female	0.320810408609019	0.00306738757359933	-0.103607905662521	-0.187065988829871	0.0426852950403234	0.0795400375166534	0.108576479390938	0.14803855714663	0.158958456675676	-0.13900509042961	0.0721961057299096	-0.268778073328155	0.124116173669387	0.183668607283029
ENSGEXAMPLE018-rs000018	female	0.25599731029155	-0.0345750895905586	-0.150118654681037	0.127307897232689	-0.200543351920614	-0.0364397899322074	0.102707055572558	-0.166038300293796	-0.00796924526667499	0.111238087177453	-0.0707470504411125	0.0697549802403836	0.0603767944527068	-0.0934738162267096
ENSGEXAMPLE019-rs000019	female	0.303372242446992	0.0640877233441392	0.197334096421394	-0.0623699108151843	0.0291358716573554	-0.0934404003785455	0.0485532802691007	-0.168966722354435	0.129360213046945	0.186678499994006	0.0377520340985099	0.0834155566538595	0.149518316637301	-0.130054910981212
ENSGEXAMPLE020-rs000020	female	-0.153937342201422	0.159165326240042	-0.0904247028742651	-0.171288556452501	0.275828765678072	0.261129214796569	0.00143539837941374	0.108078553740821	-0.287114222918789	0.00165615469384126	0.153577357064281	0.00832984472857048	0.28682921177455	-0.0561300687510489
ENSGEXAMPLE021-rs000021	female	-0.316554791668462	0.14229951836463	-0.207828818384569	-0.146090606747668	0.41455149512265	0.0405708599650796	0.11867453715316	0.0328029251949484	-0.327653223615283	0.0838851389964728	-0.135269384984737	-0.0796904563158808	-0.182669846731913	0.0517244813782757
ENSGEXAMPLE022-rs000022	female	0.0879326036591361	0.258505132549669	-0.15408647514945	-0.402308955846007	0.128865552656574	-0.097514273386644	-0.309186057937189	-0.091097305888859	0.0140345490728401	-0.12809821369236	-0.111700456617004	0.043436394731271	-0.017692325072456	-0.149685674525626
ENSGEXAMPLE023-rs000023	female	-0.175353576147787	-0.0245669088830225	-0.472221481452221	-0.00221949573380149	-0.245399175425053	0.0786535191624345	0.0932585694815543	-0.187193365063484	0.285972132750738	0.137729988674765	0.452510605571885	0.089433158123245	-0.0475841662655087	0.0831639221663815
ENSGEXAMPLE024-rs000024	female	0.185295923206307	0.4813622589155	-0.0309539748038126	0.1758243641904	0.0884348355048003	0.0526838738900926	0.463172881040941	-0.0825031900216448	0.225028287779318	0.156700519436379	0.0472885588966613	0.0510662557751207	0.10021565511473	0.145315640854976
ENSGEXAMPLE025-rs000025	female	-0.181101934535504	0.0828489393976469	0.0596271286665845	-0.0621427898842165	0.0879574253169358	-0.0572275611300706	0.0073228215184285	0.0724417250209448	0.201101922256373	-0.0923681923487855	-0.0401509723797704	-0.279796116418874	0.102249781862425	-0.141045942533316
ENSGEXAMPLE026-rs000026	female	0.0858984002176924	-0.105779312745137	-0.0219119600732013	-0.235794722373503	-0.176524310108748	0.0499896695232085	0.0860255463301481	0.0243722911517597	-0.148975805606146	-0.031853768887996	0.00512469917649315	0.272829104311809	0.0761199472192002	0.226040742126587
ENSGEXAMPLE027-rs000027	female	0.143697210365712	0.119647928691216	-0.0740240521785472	0.16481803104945	0.0454404649959702	0.0828095170665973	0.122841600370467	-0.0105458465315509	-0.0198548974219783	-0.105181240323767	-0.374682744564712	0.157411477725821	0.141550929251757	-0.0282202145845381
ENSGEXAMPLE028-rs000028	female	-0.263359779315647	0.305106474921776	0.369530659952507	0.0673068896094265	-0.0894634761305014	0.111249212917898	0.0627779615590227	0.210952937748697	-0.105425141191463	0.285146288125557	-0.233609751370222	0.0458679248358897	0.155786408322145	0.136955903201832
ENSGEXAMPLE029-rs000029	female	0.300299381364248	-0.194860138173646	-0.377432556957591	-0.00731155398215858	0.22389491124512	0.236697125534593	0.0229733437957961	-0.00434784628878193	0.244231897096274	0.219977192996254	0.333932399368437	0.229821766991882	0.238860710384969	-0.138574520919491
ENSGEXAMPLE030-rs000030	female	-0.21998168424912	0.291728394112919	0.118852343858894	0.0512926226628629	0.0624708201301773	-0.227568035021573	-0.145970933159413	0.23631301329918	0.0793545043277785	-0.371318475197862	-0.0380228978128605	0.163833390916053	0.393116378280874	0.11222093395313
ENSGEXAMPLE031-rs000031	female	0.20974030005289	0.139576631686939	0.279587947432848	-0.0514170591992731	0.108463818766538	-0.0638298057888141	0.165890145903313	-0.160112036744915	-0.0366139262591376	-0.507057732726009	-0.255389386877399	0.187818195596348	-0.102125695738397	-0.252034882460917
ENSGEXAMPLE032-rs000032	female	0.164377120821359	0.0270943535316496	-0.086276859782592	0.447761794182897	-0.04030898600944	-0.226220630005117	0.041697476302128	0.198087883925194	-0.256851117503183	0.33060406354495	-0.112989890663002	0.018484932021889	-0.163240849161295	-0.396704422841408
ENSGEXAMPLE033-rs000033	female	-0.345740962412824	0.0825529419026177	-0.028513431537896	-0.0903533246897992	0.0624148327118096	0.121931837350063	0.0521603550346499	0.102943869334839	-0.181828643045212	0.0477679614863875	0.206827556612522	0.233400890130345	-0.180014344182287	-0.221600787009355
ENSGEXAMPLE034-rs000034	female	-0.0231615300953026	-0.00185266693084148	-0.357037383402537	-0.42470372877037	0.0619658104619551	0.29681363349449	-0.183548983366169	0.0981931266464134	-0.0989591320845337	0.172845801076298	-0.231260677034133	0.277843288218506	-0.0406209834895167	0.00390719517069719
ENSGEXAMPLE035-rs000035	female	-0.274849102505891	-0.317955490084255	-0.296409220743855	-0.21860774610434	-0.374297036364331	0.125623317607233	-0.0939461503739331	0.130005421958784	0.139353701307563	0.142851756398337	-0.424316237565672	-0.0130888455332845	-0.137223970041354	-0.35866881212589
ENSGEXAMPLE036-rs000036	female	0.188989801392033	-0.135813051838251	0.0999915498373711	-0.23431596209515	0.112909157631945	-0.120687427089149	0.185734423509486	0.156105498465086	0.270478538932182	-0.328963228533394	0.394636626770511	0.0338075470450162	0.252970848415603	0.345963165451728
ENSGEXAMPLE037-rs000037	female	0.0984383693108057	-0.309861747476079	0.510855281896242	0.148098177356799	0.0705081576124137	-0.0917472504693713	0.155794696754651	-0.0103827905235125	0.322700834550291	-0.313611823395291	-0.237582407559684	-0.0739288659267835	-0.135900604091771	0.219333733046271
ENSGEXAMPLE038-rs000038	female	0.233968202318108	0.0298347963075206	0.010363205046015	-0.000935429167678019	0.083888638927607	0.0749164686832763	0.0520527190125229	0.14257098834758	-0.0538145244112996	0.222222156642262	0.0315731437897069	0.198668092629428	-0.131126575510079	0.065030588735726
ENSGEXAMPLE039-rs000039	female	0.119905003445543	0.122641808395094	0.0644617588717579	-0.112380986642935	0.148406797895571	0.223244019083848	-0.0845958020420836	0.0355312304914288	0.170783834850871	0.126683320011467	0.085662929518003	0.011408273269278	0.280513402794277	0.0246917302047345
ENSGEXAMPLE040-rs000040	female	-0.0484865701805175	0.183930040638782	0.239901027529535	-0.0687512192522589	-0.132962987004972	-0.0926564947263322	-0.1191820512836	-0.786104592207528	-0.357227696833993	0.0726210851907831	-0.195044385490502	-0.152695481189385	0.023820525690316	0.29244682799015
ENSGEXAMPLE041-rs000041	female	-0.150831079141412	-0.137939815065022	0.0876234909013195	0.107589415258782	-0.102715768273549	-0.0538096222849117	0.391430255914031	-0.0507450913546078	-0.27631229099401	-0.276095173524846	-0.217688716217281	-0.327707928686543	0.183239839546925	0.255243006627445
ENSGEXAMPLE042-rs000042	female	-0.0504624750335718	0.0458953630666341	0.063785986145756	0.10563067899949	-0.16812953892034	-0.166482461020841	0.0578274688412375	0.263610772501659	-0.26883079102081	-0.17897371938141	0.00332344174314558	0.162625801871007	-0.139807634299618	0.215769708689394
ENSGEXAMPLE043-rs000043	female	-0.0446096695505489	-0.0789840989492876	-0.206912915238586	0.262188274234951	0.103604211205923	-0.00163210201998083	-0.198502513272795	-0.215807446463264	-0.0816961162172773	0.279389320200715	0.052773027602577	0.115553284819647	0.159605403223804	0.0795732118156064
ENSGEXAMPLE044-rs000044	female	0.0881465461428452	0.166233699202571	0.080523718291092	-0.216481538110779	-0.0762109736564895	-0.0664106760142068	-0.119358866628237	-0.300493429635122	-0.360138167373669	-0.052901669690101	-0.321142474529818	-0.0128704636886999	0.0105049572703296	0.00484744758947483
ENSGEXAMPLE045-rs000045	female	-0.216991022426719	0.062045441552643	-0.0210426427241298	-0.062301396870694	-0.000612954889123538	0.143583199879332	0.112731980382597	0.103669267325097	0.00234842787836568	0.1655103861108	-0.00789916091554586	0.292913428702719	-0.0154226794547929	0.0730524083431491
ENSGEXAMPLE046-rs000046	female	-0.012230418191263	-0.0189673823538358	-0.00745067544194519	-0.0690123931734712	0.117458754394362	0.128972051805717	-0.0353850240759529	-0.202025616063812	-0.339788260988973	0.230078868451795	0.177407441513097	0.0305375585279605	0.262349519610096	0.142167424436648
ENSGEXAMPLE047-rs000047	female	0.105835553775618	-0.359515762095913	-0.157256684834569	0.148387401359884	0.0813992354869769	-0.0788153664536673	0.13247894934133	-0.235426438063864	0.102353685753012	0.191427135587124	0.07252219943782	0.155939818902014	-0.0367470787263343	0.058365159109886
ENSGEXAMPLE048-rs000048	female	0.196625396368389	0.0103854899556159	0.260305641424979	0.175954424279181	0.0425412527360026	0.0216491046835896	0.103331441431873	-0.0247149446200321	-0.0978084133365105	0.0954855942280731	0.103256963503203	-0.0341794543328074	0.0152995692548684	-0.397040799236168
ENSGEXAMPLE049-rs000049	female	0.0147358965189752	0.089304752983838	-0.233369415787184	-0.37899178208574	7.5765800029097e-05	0.0255993524331487	0.0691990646059292	0.178146387175143	-0.0445772374528343	0.0109573877512189	0.112599422051453	-0.277033276545457	0.328962871319069	0.311283244239284
ENSGEXAMPLE050-rs000050	female	-0.0708284961136492	0.0867795917433777	0.0953553093665163	-0.0429436877895478	-0.0883025219791073	0.0730909546016486	0.0822963194022178	0.179888316986747	-0.0600081335003627	0.287006655591112	-0.11473826414637	0.0685946517336092	0.0248508461119416	-0.0452542461715331
ENSGEXAMPLE051-rs000051	female	0.0532334974193817	-0.085994483788398	-0.0332419835726706	-0.0289302586117683	-0.0340637067891315	0.00783860180906536	0.133050713381321	0.105866166316228	-0.082379985560352	0.154434016961337	-0.0243531524201073	-0.508386282711412	0.0117429488604603	-0.0667758743615101
ENSGEXAMPLE052-rs000052	female	-0.138554285108078	0.145067718872247	-0.151393264778188	-0.118776713532439	-0.098188367146983	0.203319176090258	0.375001883024736	-0.3006786773805	0.0326650067892796	-0.00205321983437765	0.160060199525244	-0.141599761466732	-0.191374431909427	-0.0444244632305816
ENSGEXAMPLE053-rs000053	female	0.310265663756592	-0.180478961577832	-0.3961927217019	-0.0102948329820867	0.106808264665345	-0.373025584942526	0.359551063176328	-0.33326090158267	0.115073672788383	0.0643234844308545	0.124718334848913	-0.0997214544011354	0.0991757180968247	-0.111507744482924
ENSGEXAMPLE054-rs000054	female	0.371335134233575	-0.094592927304381	-0.357205503850965	0.127513480773442	0.151305837566879	0.186368054802075	0.127485938975301	-0.225944386556377	0.0832730071868872	0.0572764135947774	0.0217757562982782	-0.0620882967326463	0.120307846024399	0.107244035837606
ENSGEXAMPLE055-rs000055	female	-0.250214241794082	0.238031424467569	0.0946413883194745	0.124039843287663	-0.0341146151117628	-0.0986619163458424	0.00593954086065596	0.0067743296491028	-0.0493546140289666	0.405974462015372	-0.0020946646647506	0.056492274789379	0.157424999888397	0.0259353515331672
ENSGEXAMPLE056-rs000056	female	-0.204951101619557	-0.14912674369793	0.063915299320232	0.0690789448510593	-0.118680629809906	-0.0579847866578336	0.184052712985867	-0.13336220645515	-0.0165270654099922	0.0625458376548117	0.418612860648871	0.105021689338666	-0.18511347615067	0.0165822911267312
ENSGEXAMPLE057-rs000057	female	0.139683121510925	0.155138622367261	-0.154536787537709	-0.00938849340995171	-0.238659067296956	0.26573686891663	-0.130270441054713	0.305671461625399	-0.186145101589575	0.217625630265528	0.0707167193210892	0.0916745449438576	-0.0595231418788697	0.0342384185502242
ENSGEXAMPLE058-rs000058	female	0.0664908777205747	-0.451917898963334	-0.102987398133177	0.0612342310792624	-0.0458107837197635	-0.363665252354671	-0.0229976466891751	0.316982663161772	-0.350936706573075	0.262971042106344	0.184877043142783	0.128904341953801	-0.0533202514425481	-0.00559032666252232
ENSGEXAMPLE059-rs000059	female	-0.0751810484059883	0.018508341184632	0.153014876500192	-0.0488870414626812	0.134040611095251	0.122723671803022	0.161657885682958	-0.190155126125714	-0.165886797770152	0.134757215962921	-0.211050358119892	-0.0901124022569661	0.111375640944779	0.161204933550951
ENSGEXAMPLE060-rs000060	female	0.141719349874563	0.0211638030981926	-0.0359400195739064	0.0242141046807362	-0.382425729455123	-0.140660713533105	0.0262689550398597	0.107340286482895	0.179806584567094	-0.18609542660504	0.0341942305681172	-0.00896776025868326	0.366648180538975	0.0828775608260615
ENSGEXAMPLE061-rs000061	female	-0.121855159248221	-0.0710718902780104	0.145691399679453	-0.0542505029110371	0.0636248070027451	-0.209215093403802	-0.219908289043753	0.0173805930220284	0.212585678119514	0.235387531978436	-0.0553302211793687	0.00188404787900727	0.0306350393502169	-0.267164793703849
ENSGEXAMPLE062-rs000062	female	-0.236277503208154	-0.164646285877438	0.202378023149275	-0.105869894788216	-0.330731188927783	0.399472716629777	0.0763654689737829	0.157183544800488	0.464699690959791	0.0227022406565497	-0.15846964101415	-0.131769279026342	0.13699517106314	0.164042719681132
ENSGEXAMPLE063-rs000063	female	0.0537427109700106	0.120664896371618	-0.201301631834959	-0.239949554889326	0.0489254098610353	0.55163716232908	-0.341641823892731	-0.114819103812005	-0.185057198151162	0.121401277913758	-0.0865351882905724	-0.25739739250739	-0.0593764981167668	-0.18340681927432
ENSGEXAMPLE064-rs000064	female	0.221486766537344	-0.16425623948092	0.137323521362153	0.223366986518961	0.107860505559236	0.0755357344160543	-0.0531096781232306	0.200815300856712	0.0313626043572607	-0.352010910604017	0.17265868058343	0.0743411314122085	-0.24385022559651	0.632792218057091
ENSGEXAMPLE065-rs000065	female	0.312974548680849	-0.0266042643673587	0.17702568305241	-0.125578475813885	-0.183609538706007	0.01527096939264	-0.0396533282906832	0.311331408108302	0.0516373742839658	-0.203537018033647	-0.036002284846489	-0.0807408969433967	-0.192052904770468	-0.287398702749091
ENSGEXAMPLE066-rs000066	female	0.125452634450603	-0.0885477245965073	0.0694444128531914	-0.15241098812287	-0.257962160537532	-0.399811331610365	0.236606083572926	-0.153811983703757	-0.207488575485284	-0.178161315448491	-0.0138738344058037	-0.219748872626694	0.0425008487087991	0.118445507916905
ENSGEXAMPLE067-rs000067	female	0.107833685913	0.0198650399432866	-0.203724819520622	0.0315839275401989	0.0546143067670634	0.237358306515218	-0.258138568302366	-0.00586827341805025	0.195966853378552	0.151168029218194	-0.0458215455961673	-0.136984326081886	0.0699013783992966	0.0630138927494589
ENSGEXAMPLE068-rs000068	female	0.200239049160919	-0.164878230245003	-0.213914434107701	-0.0641938407558659	-0.179392469963029	0.0942595834037532	0.145410724134089	0.0650384687205028	0.13255122785402	-0.0621401581621506	-0.21759323373281	0.111556302757853	0.229944977422768	-0.238985498592596
ENSGEXAMPLE069-rs000069	female	-0.178137437748689	0.205777043578958	0.211534865636349	-0.172851369127871	0.0300863087521237	-0.0728436115464322	0.333705977198354	0.123784251610914	-0.112701786814676	0.0851974155608857	-0.460306531647275	-0.00253020368000954	-0.02378552505058	-0.0499941366404823
ENSGEXAMPLE070-rs000070	female	-0.0466780609850595	0.0537631216249843	0.0371976004768311	-0.0182459967850146	-0.297296824695627	-0.0579233287853398	-0.0487283697112577	0.0106689521694286	-0.187634995480187	0.31512867428027	-0.413350599061512	0.138937776725211	-0.10051901280213	-0.156021184134476
ENSGEXAMPLE071-rs000071	female	-0.13358267874838	-0.213384344899837	0.0307517251409611	-0.228695522385263	-0.155281641146807	0.327077350227082	-0.124609466355451	-0.576029305426429	-0.182918034624378	-0.0917694317803488	-0.293942025769681	0.176623458260551	-0.214146462623907	0.10737521762924
ENSGEXAMPLE072-rs000072	female	-0.0326004523343421	-0.19597154475996	-0.139233072033275	-0.269385941106459	-0.235868521047903	-0.0394437266065193	-0.559761716954066	0.0704391955628168	-0.390407927077162	0.0462494257192853	-0.231110877224559	0.29674411883016	0.0383704128073192	-0.237185120808193
ENSGEXAMPLE073-rs000073	female	0.331937431216517	0.15676771529612	0.0644796850800943	0.169763047574911	-0.366369205828356	-0.354893023999362	-0.157857918761091	0.126379601619356	-0.196797986792906	-0.14716506859972	0.122428576014648	-0.216645886843765	-0.052804525018586	0.0704565061923394
ENSGEXAMPLE074-rs000074	female	0.127313398971185	0.0547058961735232	-0.0316035265058938	0.163279591704036	0.150973322991112	0.104138100410573	-0.0395684271556628	-0.360745615275325	0.117983903638905	-0.0361954863541717	0.123724141849941	0.10412255238988	0.517260224859573	-0.0886512802928797
ENSGEXAMPLE075-rs000075	female	0.248128547526917	0.0040339100846115	-0.298875141741242	-0.0365145660901422	-0.16348221859407	-0.100197068344288	-0.11615319384152	-0.527183555900485	-0.353266406887237	-0.0984398211102147	-0.225978304828592	-0.0271393786103962	0.00400527222929363	0.0873001405642109
ENSGEXAMPLE076-rs000076	female	-0.272252526376148	0.0303631992180596	-0.2913153657297	-0.234636159436041	-0.0221789072431745	-0.235267741485851	-0.156749262619819	0.100508981216365	-0.332784350200772	-0.0432950514153208	0.273444111999072	-0.0717630242358455	0.019980359165693	-0.166865209297112
ENSGEXAMPLE077-rs000077	female	0.157073829015364	0.306238420236146	-0.151737267643756	-0.0582950861162688	0.152794204432665	0.205114287930418	-0.16393334008726	0.0564052254844264	-0.0645704607985008	-0.00254430176841647	0.138884144679218	-0.215226930648724	-0.11897060924422	-0.0154132901702668
ENSGEXAMPLE078-rs000078	female	-0.00418479529421983	-0.0115817717163807	0.0838623932729117	0.0954503009643053	-0.312075629119568	0.0200579949115989	-0.16766119130564	0.0813180245667026	0.0862613153606631	0.165898192738702	-0.129895629112109	-0.212847882002532	0.141914449899348	-0.0271037797104108
ENSGEXAMPLE079-rs000079	female	-0.17342459296527	-0.29909532498353	-0.187881425599052	-0.203757047236588	0.176660246651596	-0.0217686551641486	0.164898601030707	-0.0710130825036289	0.165332553706011	-0.109482930414204	0.351868506330948	0.178697145435862	-0.0586564252705543	0.421722235294478
ENSGEXAMPLE080-rs000080	female	-0.12741756186714	0.153873982852205	-0.216095228638901	-0.0267120736473696	0.104271418555751	-0.171318183532786	0.218603446647192	0.0230364673504295	-0.0985314372339404	-0.422039461162107	-0.328563646183846	-0.233920272014397	-0.38535552030111	-0.088692959595853
ENSGEXAMPLE081-rs000081	female	-0.0452729706908466	-0.552929079400118	0.0297060431807413	0.000923496931856413	-0.0675233259631372	0.108441049789003	-0.0655995323159724	-0.0666399404196796	0.121679188389672	0.189903082098552	-0.109410988657484	0.208108938409406	-0.127077129597356	0.0720282446727506
ENSGEXAMPLE082-rs000082	female	0.189825466775081	-0.0520283391392674	-0.0467721596395959	-0.254417859588917	-0.0811112418540822	0.096090276427429	-0.0602082764562619	-0.023471966897964	0.0397030439460517	0.148711551042379	-0.134221396405855	-0.092998577002828	-0.304391635692035	0.29091137633815
ENSGEXAMPLE083-rs000083	female	-0.0863292485896091	-0.135904703628337	0.238845362173638	-0.175758652951238	0.231398104144593	-0.208405201212062	0.108457760263165	-0.117008049657818	-0.406741089059858	-0.066437759167162	-0.15842245230191	-0.0483093116269988	0.176861812690231	-0.0594433243619161
ENSGEXAMPLE084-rs000084	female	0.125230659518761	-0.0653235275727173	-0.198868843200584	0.220421021842913	-0.17437206629288	-0.244754338579892	0.321464727745715	0.189362987251558	0.137178747914349	-0.0747511579815166	-0.129233336433346	-0.157436261997288	0.00755026973852484	-0.0946228574789907
ENSGEXAMPLE085-rs000085	female	-0.0372541579220559	0.160665218610185	-0.245605878710395	0.309586153856379	-0.196351340121813	-0.107966901675989	0.184383018700383	-0.348363134739573	-0.195395512631797	-0.192720157032108	-0.268077831496047	-0.252633199550593	0.0317443348065676	-0.0957637137139235
ENSGEXAMPLE086-rs000086	female	-0.119610420447964	-0.0294213316303903	-0.116575898884996	-0.0320861929787313	-0.377280847770672	-0.0214273047942439	-0.14438498145046	-0.0580727868962386	-0.208358380762151	-0.151291568944401	-0.0859569785136551	-0.175933271718873	-0.251685827485563	-0.0436359026168871
ENSGEXAMPLE087-rs000087	female	-0.119917720887865	0.058157809448124	-0.036672914468469	-0.167658932360672	-0.0531858942037459	0.240017529218752	0.044878938337076	0.182997901429195	-0.298669851361747	0.255628101899533	-0.243449065036917	0.310675815295434	0.00796195981734205	-0.247096668750155
ENSGEXAMPLE088-rs000088	female	-0.32736593078251	-0.0111330680878564	-0.248279814001406	-0.0184480976440176	-0.475272287866266	0.190587300937333	-0.195881595288015	0.205619923019851	0.14262633559725	0.124847520887094	0.303565774394846	-0.0099055419150834	0.116178912729008	0.122116367970035
ENSGEXAMPLE089-rs000089	female	-0.0139142046150512	-0.0473611317673478	-0.0544778074821875	0.0205702604984289	0.303881611032995	0.0976687738989508	-0.165685191311408	0.343979339200728	0.0907116645980168	-0.177139125748762	-0.0510811445163407	-0.140807389700187	-0.0041921892891613	0.0928456604500963
ENSGEXAMPLE090-rs000090	female	-0.0781435738006888	-0.0670863498214662	-0.138219473937501	-0.33875696931006	-0.252555544194275	0.217889664454739	-0.00981096883515756	0.219381224417074	0.00707731420605842	-0.157903406180709	0.0733313751677823	-0.0313593041232934	0.160411953197641	0.152263332170406
ENSGEXAMPLE091-rs000091	female	0.228944865071681	-0.185501439834994	0.010047544048066	0.0911526448587232	0.190219040651223	0.23665382698504	-0.396452945653788	0.120575341441254	-0.153424232767127	-0.116849080415377	0.16062792872821	0.25707446706277	-0.263394261078581	0.397016866233727
ENSGEXAMPLE092-rs000092	female	0.19151808239584	0.0220022772034909	-0.267299144885313	-0.0869154274151915	-0.105327918934165	0.142127228967704	0.0311398967694831	-0.0522209601682659	-0.0410714796060406	-0.328411547349556	-0.0316974465697393	0.0854218426584036	0.208338177187493	-0.313141319858647
ENSGEXAMPLE093-rs000093	female	-0.122828976207944	-0.0310162454094009	0.0829408393521749	0.242088996970592	-0.0293020560414313	0.291603487666301	0.242826268891439	-0.0131602278826779	0.0150202854289979	-0.0653009459988471	-0.12113449002709	-0.178605279201376	-0.0533236803586648	0.140414060655839
ENSGEXAMPLE094-rs000094	female	-0.0872422607108436	-0.34173500751718	-0.015863595330681	-0.208351478364	-0.0248123697686817	-0.259018649873918	0.246088134881884	-0.15317973780292	-0.00967161994644659	-0.121668848662476	-0.176413864232943	0.344129795826423	-0.105135913595305	0.0403312742955509
ENSGEXAMPLE095-rs000095	female	0.0692337783687598	-0.154704188232475	0.00359261551176777	0.0773130047458142	-0.0971772874590387	0.142770771020032	0.0840630695417111	0.212275150501062	0.19169938828627	0.0406034229458409	0.00134916667282486	0.00537472786347605	0.0191491215374605	0.218159829094574
ENSGEXAMPLE096-rs000096	female	0.00505207064335117	0.0698186955842361	0.301335795402222	0.12102935930919	0.0778296982565874	0.065541349930827	0.224865836145795	0.20879420568616	0.245046631424275	0.116425470880686	0.0105389229014624	-0.194981289916306	0.00953960929055929	0.0496826574931005
ENSGEXAMPLE097-rs000097	female	-0.0188551110999849	-0.0459457957940077	-0.196309834816089	0.106633464892924	0.0837088871911104	-0.185941645777293	0.287513118932708	-0.145791209837881	-0.19117100717643	-0.16524126614129	0.0374452427795019	-0.257382890181476	-0.0264028985264075	-0.0108087178309264
ENSGEXAMPLE098-rs000098	female	0.225891218260514	-0.0872819824192385	-0.12914082208301	0.213591134199801	0.130740454647993	0.133059857363649	0.0588285401090451	0.159727720041096	0.108246762405127	-0.216052685061128	0.0135782175460202	-0.0352559710628701	0.07148850874769	-0.0795135029176538
ENSGEXAMPLE099-rs000099	female	-0.113328726686765	0.112725719030102	-0.0225231447018742	-0.0642180647314039	0.350238524870846	-0.297107753178235	-0.164113647362479	-0.273828411200079	-0.209032627411732	0.248834207254127	-0.0530793358559265	-0.0214905212192174	0.244577367211542	0.0867658170960357
ENSGEXAMPLE100-rs000100	female	0.13514416726319	-0.150810877329279	-0.20035819610828	-0.0391003265785776	0.185783706766746	0.0610354398705601	0.0924916315822476	0.50068647148354	0.48776822138321	-0.246208902014917	-0.338759573447715	0.106845120848148	-0.0426275895406345	0.142224262689822
ENSGEXAMPLE101-rs000101	female	0.214628877406698	0.0106606505721301	-0.134839680349077	-0.0164701140749631	-0.323126041677769	-0.133361132433666	-0.307035328485	-0.153386664472719	0.298126990213112	0.047711680799311	-0.354206757973624	0.209933781680676	-0.011136228924985	-0.0525674310900772
ENSGEXAMPLE102-rs000102	female	-0.391552071457256	0.031121590134441	0.0661143910380431	-0.049780332492488	-0.135850193170267	-0.0806638302862997	0.0938721339573068	0.0113200793573247	0.0257330856174013	-0.218836782470598	-0.135516068781912	-0.0884220865486478	-0.0519231582101136	0.368631160286151
ENSGEXAMPLE103-rs000103	female	0.0389053261134312	-0.0803331190752016	0.0942339731816997	0.364303747589179	-0.0246404710244007	-0.0678442508938262	0.436352863353068	0.0103330140551019	0.374304073908663	0.0466848951000637	0.13647615405531	-0.218185738931324	0.143395432050221	-0.22788599373278
ENSGEXAMPLE104-rs000104	female	-0.387654803129144	0.0644597067770988	0.0148383414478546	-0.192621544904564	0.000942883416814005	-0.00837904209801477	0.0134257894860869	0.12964444378187	-0.0526522708964388	-0.158878608515591	-0.0478937558537627	-0.094761275924151	-0.0306287904042299	-0.0588867623238027
ENSGEXAMPLE105-rs000105	female	0.0999562276323286	0.00753189260786647	0.173367126093302	0.0698582760772389	-0.161625444654229	0.163831847473327	0.0359530773281693	-0.364047193570423	0.170413010236586	-0.0538915680624425	-0.113785208754459	-0.240947151255521	0.187523746773409	0.0117905396141352
ENSGEXAMPLE106-rs000106	female	-0.198012331885241	-0.28004698593733	-0.273102970588157	-0.0659615279671789	-0.237623879797825	-0.104128708381754	0.00159309004211314	0.211702545196732	-0.0735308129773004	0.28735162396	-0.141965625613673	-0.158947181195801	-0.241312966753543	-0.0281555983138263
ENSGEXAMPLE107-rs000107	female	-0.132084828276217	0.229100870938787	0.0611141527253517	0.202689855087278	-0.151514580045655	-0.137196680321151	-0.187789507232943	0.0589815499762152	0.0934611734944235	-0.138465045774575	-0.0635288673076871	-0.203053560394847	-0.0206244807907086	0.0576067026052657
ENSGEXAMPLE108-rs000108	female	-0.0293027428333877	0.0911619740881233	-0.102323633160225	0.0606611425844673	0.0705393388782974	-0.366700180272489	0.147593924187307	0.204422965319756	0.057051347332708	-0.297979824835689	0.209885380720905	0.156125623983196	-0.0371828779757439	-0.123410885870927
ENSGEXAMPLE109-rs000109	female	-0.114315344185528	0.0132250807846371	0.0619725544223164	0.0483884899093234	-0.0665747109134839	0.0924501230688995	-0.0821569583210812	0.238069311724805	-0.129214115176972	0.0571725466755213	-0.150895003380735	0.515491795483102	-0.311925834083743	-0.0668557131718675
ENSGEXAMPLE110-rs000110	female	-0.289554389824913	0.143404741315815	0.280463573282702	0.162593827221917	0.413139132127537	0.101673740981063	-0.0189176917152936	-0.173823779117825	-0.00399878148490072	-0.0213357189011586	0.0832990873526315	0.0196039182186877	-0.453614442982202	-0.0602787251910053
ENSGEXAMPLE111-rs000111	female	-0.0856567102917598	-0.0471422452181565	0.21715736857184	0.395065194070953	0.0636756383580458	-0.353560447872305	0.0599875530357703	0.322822096741033	0.168279634806817	-0.0814063842821557	0.25308798193552	0.0564119357534576	-0.304651577932359	-0.087758657939353
ENSGEXAMPLE112-rs000112	female	-0.188946218885534	-0.0137928446392308	-0.104302034980066	-0.125097470469526	0.0579782560496752	0.345780578940134	-0.135889725579348	-0.236999960514411	-0.0645349427948049	-0.132035939713931	0.297724513606258	-0.107594067810563	-0.112943697722953	0.126292934817837
ENSGEXAMPLE113-rs000113	female	0.148324041009265	0.229201036564459	0.340020064521452	-0.0565030193070111	-0.05502629645391	0.198086575970943	-0.200754294426198	-0.182116606487829	-0.176590375828508	0.175781456659073	0.0691776309710861	-0.102139713043804	0.0421022381304552	-0.00577835830263797
ENSGEXAMPLE114-rs000114	female	-0.0876381025078409	0.174052015094511	-0.054939809232812	-0.192023445850971	0.115243964909051	-0.120570210232791	-0.396221427753042	0.0560230682376584	-0.123690273810258	-0.0868818288125332	-0.174406639773928	0.0559644106839147	-0.120369923605663	-0.0742755576266557
ENSGEXAMPLE115-rs000115	female	0.350639884739522	0.0743825252219536	-0.0333140445183158	-0.160392631789645	-0.181570370526643	0.270393694324361	-0.241584884701336	0.0941155519240784	0.0620718602184318	0.118194844033959	0.246969575445238	0.396799789574333	-0.215449284368358	-0.241521109187304
ENSGEXAMPLE116-rs000116	female	-0.0208518782450438	0.173610337669899	0.0899354277288214	-0.312340192647878	0.0454839984778714	0.0878480193397055	0.217465806515064	0.186173081420801	0.356935641109011	0.248693982289444	-0.259082713069137	0.066717804954729	0.117351658088559	0.104309161693995
ENSGEXAMPLE117-rs000117	female	0.277654721622979	-0.00477873920987573	0.418556960136182	-0.0392749893018701	-0.232689295254519	-0.112157768532114	0.0167241701083051	0.0792181470418625	-0.0234439378542558	0.235912573663015	-0.154856527663545	0.0990533590605448	0.0276660294546859	-0.22931605901368
ENSGEXAMPLE118-rs000118	female	0.0532678978037818	0.23057452388304	-0.121667378369881	-0.060829225322726	0.136971570955414	0.150298988651894	0.157666108571746	0.425231513320621	-0.0112939193182777	-0.0293226013456934	0.0218376454903291	0.0744611206252159	-0.00650661205348203	-0.183620831779026
ENSGEXAMPLE119-rs000119	female	0.166414507712242	-0.187172030441371	-0.142326027141339	-0.085217258123617	0.107345711139851	0.163194935524803	-0.0449849969266425	0.208383541183213	-0.135823578554501	-0.225533468134727	-0.0872037836786148	0.00380553335842898	-0.180344213839322	-0.00328153527736505
ENSGEXAMPLE120-rs000120	female	-0.0581122512731849	-0.205629980342569	0.0425674019146539	0.150143171006247	-0.149472834245972	0.273303377007712	-0.000365309626821721	-0.355959909123039	0.165554779974515	-0.337744051242699	-0.15298422147323	-0.0295897487714217	-0.12402623039534	0.104918546541192
ENSGEXAMPLE121-rs000121	female	0.205749211868825	0.288351270852309	-0.0981848234198432	-0.1718486871255	-0.0520308534625747	-0.0465320727012153	0.0564271979406542	0.329494507585253	0.0224726407464565	0.194773798037327	-0.0309174435498957	0.00261858108051777	-0.104348413262729	0.0326770017162437
ENSGEXAMPLE122-rs000122	female	0.0621590588948781	-0.299428040935056	0.187871008075495	0.309401518567653	0.113671410899073	0.036015117860851	-0.106321852301786	0.230513165150234	0.106960724541653	-0.0122412770425253	-0.228707933257566	-0.0247160363746406	-0.031430117048349	-0.135263903889238
ENSGEXAMPLE123-rs000123	female	0.420798677564201	0.405616963534907	0.195995610039315	0.241510533786882	0.0230615751481315	0.0202238395510936	-0.196988777815515	-0.112054926293537	0.0582993438862807	0.278921690138341	-0.208920775409547	0.174738045054817	0.00980367711071929	0.248682517692116
ENSGEXAMPLE124-rs000124	female	-0.157713922912894	-0.168779177878139	-0.279883571402854	0.213747427347813	0.106076396480691	0.0475429461065717	0.39149648544095	0.153781991238087	-0.10429224145122	0.159443594979692	-0.0959802224859739	-0.146197457163869	0.166378098012243	-0.361835818205728
ENSGEXAMPLE125-rs000125	female	-0.00300033069569663	0.054866394683982	0.0402959012921117	0.0359887459912533	-0.104189031707024	0.192925188410632	0.302836821632513	-0.35045672083845	0.108640697064003	0.0157229515677738	0.0599360025088447	-0.0472351095515411	0.561566717306348	0.226518273201967
ENSGEXAMPLE126-rs000126	female	0.142031938525569	0.323700634894474	0.0911437675346017	-0.102147115817623	-0.184525763328072	-0.233609255934173	-0.219074485125453	-0.128868462156009	0.0974381728254197	0.306364645785212	-0.0975551548831022	0.166042365969454	-0.0714691709593385	0.195506169641662
ENSGEXAMPLE127-rs000127	female	-0.261173857101047	0.186971569295996	0.0345946893460343	-0.123323340935758	-0.0492840359948133	-0.153983352684874	0.172799544739038	-0.0880040623854104	-0.0988538041194433	-0.0908861568440332	-0.0503282264581315	0.0672979633059779	0.234725855658766	0.0568994699990267
ENSGEXAMPLE128-rs000128	female	0.0994773320551341	-0.284251833725672	-0.132060297889637	-0.211230452609465	0.231486460721266	0.223321797657184	-0.0872553418649907	-0.14365207369386	0.212486770822692	0.290282219154861	0.0711246877734347	0.0572922349678771	-0.119785363803015	-0.10843587961662
ENSGEXAMPLE129-rs000129	female	-0.243629820170665	-0.208570186507037	-0.211537672016948	-0.219141121445831	-0.184485403391319	-0.165607369925596	-0.162609611013782	0.14063592532781	-0.0402988307253437	-0.201031773917603	0.0884785902972186	-0.152381904769287	0.182663997215249	-0.103144373616435
ENSGEXAMPLE130-rs000130	female	0.0340785611801897	0.112191676628645	0.0290454521490938	-0.100848708508788	0.156475761729117	0.104053192240869	-0.337568629727825	-0.057132382441482	-0.248671579659778	-0.142341323622219	-0.193606374571255	0.0204277078393227	-0.124971011728677	0.296305675563586
ENSGEXAMPLE131-rs000131	female	0.351354868364719	-0.385289680596844	0.0911633654455534	-0.0474592364414877	0.121076225265043	0.096604236730244	0.222966897690051	0.277413139198957	-0.263450658452889	0.102619389648599	0.0236959269383748	0.00517885497435632	0.278583072780068	0.130274228531284
ENSGEXAMPLE132-rs000132	female	-0.231570591909814	-0.171452584684936	-0.0719741714043021	0.0373563869252734	0.0214180220877411	0.0560395974601584	0.086966835370729	0.0600345959801728	-0.233171492849912	-0.0300738961445948	0.196893031675893	-0.0391958144479078	0.046996189329824	-0.3059778979656
ENSGEXAMPLE133-rs000133	female	0.105765269973171	-0.0655178765341924	-0.257343798589551	-0.292611345160289	-0.389015434595921	0.17637961842727	0.0232964572386733	-0.084952485053407	0.132402811485941	-0.124200652997105	-0.394546147700508	0.204933313152986	0.435513873954163	-0.00596632322515914
ENSGEXAMPLE134-rs000134	female	0.00894881864557185	-0.0955949410226387	-0.257765840973363	-0.265259870637584	0.0298089063541928	0.173905038526507	-0.070729951646193	0.0443869735953535	0.012177324280369	-0.0543969331126679	0.123827573942775	0.0399259377456628	0.012566635823019	0.0531578032944587
ENSGEXAMPLE135-rs000135	female	0.0749191591296592	0.0365920717205844	0.173484517883467	0.027289436661726	0.0928996808104214	-0.1102180026731	0.450356805023998	-0.219867700912417	-0.284586080516051	0.206817067437809	-0.118469347834916	0.0304845130319302	-0.0618117614542267	0.12985653678756
ENSGEXAMPLE136-rs000136	female	0.0102186372747784	0.0494600295497928	-0.00394862625614846	-0.120472936650738	0.0850429378080601	0.496537469025376	-0.11614507185078	-0.0998898273628676	-0.138964495055499	-0.014545227435567	0.417852310005879	0.243248324522184	0.0367913564380065	0.0113863428337816
ENSGEXAMPLE137-rs000137	female	0.0145602000645353	-0.25768624025423	0.0360185513052137	-0.18822358203009	0.150260328244694	-0.061119398598892	0.21521418537453	-0.0942508388681054	-0.0265471148940608	-0.183192762687916	-0.179951545556543	-0.195992789059185	0.0214409413804933	0.106505337256527
ENSGEXAMPLE138-rs000138	female	-0.265486003630828	-0.000853317371890247	-0.12334273201658	-0.296106893463769	-0.147146192868633	-0.266859310063214	-0.0119270447060842	0.100954803271356	0.0252859658313386	0.279014006953785	0.127071638391455	0.0683839506870938	0.145768029164946	0.39944575792267
ENSGEXAMPLE139-rs000139	female	-0.227643868932503	-0.289486528359508	-0.0373001754381099	0.150297436470708	-0.242628775651647	-0.065283606633506	0.38639950639747	0.0553693396222758	0.266093915213661	-0.254998599495115	0.0376666392072325	-0.0538505918423101	0.214418342292671	-0.169853192551467
ENSGEXAMPLE140-rs000140	female	0.0468171122414855	-0.0415378425709239	-0.0319756558576162	-0.0258662342904884	0.0431503969997753	-0.424418892388292	-0.017891236666719	0.290648113741706	0.0277294387603777	0.319405309517892	-0.0693543726641488	-0.0386857292467228	-0.0926761670443724	-0.00954701594275741
ENSGEXAMPLE141-rs000141	female	0.141315831275367	-0.0257562041776176	-0.125821947201978	0.21783174382965	-0.00960330413412574	-0.207352790527081	0.0786206605056115	0.050199174760584	-0.0979867722846963	0.0172456282544971	-0.160635558997665	0.104460417514452	-0.066448830253533	-0.0708108855432973
ENSGEXAMPLE142-rs000142	female	0.0197478737640273	-0.0381968366199206	-0.0474338174246367	0.0356391510485805	0.234301690575097	0.290733783950795	-0.14433245721377	0.010435691385479	-0.273284253911579	0.0312497480495595	0.459384405520932	-0.38764209336328	0.0551376923140738	0.0702221497852398
ENSGEXAMPLE143-rs000143	female	-0.0159836034624596	0.194444567066187	0.291211280670918	0.434063771332904	0.262994799616356	-0.0378800732044095	-0.0865053112030212	0.271708433059142	0.136070579145686	0.401254802963742	-0.0953114749819207	0.154077284810112	-0.467016284058854	0.0986587330745046
ENSGEXAMPLE144-rs000144	female	0.0281520689137869	-0.215001919765588	0.0995918575886302	-0.0212510912586681	0.17967368505764	-0.155685215846035	-0.069667617922001	-0.172110837702377	-0.129680703272427	0.249664222314199	0.0029593288059753	-0.139066314684515	-0.0727529621514233	0.214867806694168
ENSGEXAMPLE145-rs000145	female	-0.283457426143408	0.124810773926545	0.0351302661582094	0.239500675506146	-0.18368083502193	-0.0397759642733555	-0.154388434153418	0.110363345281492	-0.29054786225256	-0.0730362135286982	-0.368002145940385	0.107337409346551	0.295137254235178	-0.205232001900433
ENSGEXAMPLE146-rs000146	female	0.109135024433269	0.0308703511321933	0.125145555782566	-0.0823104216586088	-0.444270137519385	0.0398844090773213	-0.337175563515729	0.0841520635243518	0.0336219975399638	0.0717563173580506	-0.161080822479944	-0.168182440384367	-0.179399369397969	-0.259484582424586
ENSGEXAMPLE147-rs000147	female	0.0575622642895401	0.175241425514363	0.0119381976743803	-0.0668722325082402	0.0709215551844558	0.295759680610729	0.109206370643647	0.0561427802786173	-0.174107921373661	-0.253451700826657	-0.0340512462355944	-0.0157502278101187	0.139128220040754	-0.0839404024745977
ENSGEXAMPLE148-rs000148	female	0.231695543809357	-0.404984336294777	0.165663135669736	0.288374294964787	0.289252689830174	-0.115682703667218	0.00500784459757694	0.213338311906687	-0.276237134210257	0.0400073644851072	-0.231368583115589	-0.0196817164912334	-0.0522158719028942	0.337387669328737
ENSGEXAMPLE149-rs000149	female	0.0927989015894259	-0.145124992317026	0.372326725924802	0.0365411855576292	0.179345959843642	-0.149157472957655	0.269914528563077	-0.0807482948319414	0.176228009355903	0.276782730099379	0.137724923575225	-0.284140978722484	-0.00614786912134005	0.0507992403185006
ENSGEXAMPLE150-rs000150	female	0.345795874727486	0.0924359409650632	-0.327808124142028	0.10898707055252	0.019121118014226	-0.375083727472499	0.339993709291527	-0.00925619501832663	-0.453382455331854	-0.0971937428322685	0.103012729356406	0.0707766882093638	0.177183234822187	-0.061417647797735
ENSGEXAMPLE151-rs000151	female	0.223551270390201	-0.0219223234852564	0.00729648683488846	-0.045277989785144	0.0295634157003081	0.000500360336737418	-0.142611579282125	0.184707178670933	-0.109672145214248	0.0290641342401781	-0.332112688448258	0.210137718513052	-0.0581638445111357	-0.290107561021485
ENSGEXAMPLE152-rs000152	female	0.161211541612014	0.0362181091613778	0.027888018356232	-0.103063718270127	-0.24857023493562	-0.28858654766213	-0.21655421465796	0.00188672945942257	-0.0450173587476783	0.13192889419166	0.150192560036932	-0.202910578748148	-0.00435523913098194	-0.120554898526637
ENSGEXAMPLE153-rs000153	female	0.121440108048071	-0.243362576370649	0.19055885068762	-0.182942789025662	0.00568079470428812	0.130285502629297	-0.0408671566437907	-0.101678754746776	-0.276854876745548	0.369220658215607	-0.133346959089639	0.199686855374865	0.0626890387030875	-0.188566021101584
ENSGEXAMPLE154-rs000154	female	-0.295400446232888	-0.0686468779734624	-0.298531137765327	-0.0652413279505782	0.302686632854867	-0.149946888147284	-0.133879326364089	0.213945975113847	-0.121855689354596	-0.067415707319101	-0.292791567116642	-0.114914962968155	0.252849707448807	0.0756017578356468
ENSGEXAMPLE155-rs000155	female	-0.0495552981933037	0.00840204605780419	-0.142960787684549	-0.194913162030014	0.0804908087543181	0.238493827193238	-0.272454467760548	-0.0743493894536304	-0.0367766314374777	-0.0666515609385972	0.103008060861267	-0.0897552452365904	0.0983166304547723	-0.0746935614713782
ENSGEXAMPLE156-rs000156	female	-0.193989630011423	-0.135636295104532	0.179154445553845	0.0429073320316591	0.00711498875575813	-0.339084165156456	0.0112636321289865	-0.208135945204468	0.0175260939524554	0.266944667725566	0.245344060825817	0.0648588507691553	0.091975644352872	0.077363989455621
ENSGEXAMPLE157-rs000157	female	0.0280084628687255	-0.0321160938618431	-0.0295088583781057	-0.559460790078111	-0.26839298200328	-0.0906949863041077	0.0425532534708924	0.0128611693181455	0.0324758703696424	-0.295380245536623	0.00430065463243553	0.108391723644035	-0.0905086793641773	-0.0987977218659997
ENSGEXAMPLE158-rs000158	female	0.0745863017770665	0.134068088705716	-0.331327221887065	-0.184004447785898	-0.248366764778401	-0.200889840164214	0.287040077241133	-0.0852432275875651	-0.0227338493932448	-0.015733668029909	0.0189095195165739	-0.0251504683735295	-0.192857122990614	-0.103380697712264
ENSGEXAMPLE159-rs000159	female	0.0554292190111955	0.0774800522809419	0.331644400551878	-0.145189951582356	0.0089639877597612	-0.0488057241074669	-0.165691012697342	0.138035470817798	0.255501486357748	0.0554247074784382	-0.209678476485855	0.160229487139093	-0.257319993258538	0.163660621982941
ENSGEXAMPLE160-rs000160	female	-0.159036863994845	-0.284699092845005	-0.159660101467104	-0.0559727898829242	0.119138409039537	-0.0241554402513594	-0.0426663662336445	0.295642581143694	-0.175077341978706	0.158088698541533	0.0481212687056075	-0.0669641066648637	-0.0126817775223206	0.094316103441308
ENSGEXAMPLE161-rs000161	female	0.194996366997443	0.188252576147797	-0.0208705573567718	0.263149275598214	0.171057522590732	0.1529605859617	0.139466146596789	0.0589658647911015	-0.287215161344626	0.219996210123819	0.0143043145482465	-0.0866378201091317	0.0171970229368683	0.207131097022951
ENSGEXAMPLE162-rs000162	female	-0.143479972577777	0.185813026783245	-0.137125918402247	-0.0347904317231328	-0.011008762463507	-0.258487544825074	-0.0536775202119103	0.0847544625044309	0.269306913337696	0.206625798167939	-0.107357644989921	0.061014279830999	0.0511134091270543	-0.0623749816976624
ENSGEXAMPLE163-rs000163	female	0.198082252217399	0.136014267423884	-0.079020964066389	0.158207401120562	-0.202289733893407	-0.192026365196944	0.243382698111097	0.0222191490018869	0.557734231641504	-0.0415167660529658	0.335905281158681	-0.272185363538685	0.293852124821041	-0.125151642823233
ENSGEXAMPLE164-rs000164	female	0.123456954306923	-0.372201356299368	-0.0576756753627505	0.0772053796354643	0.140722981099897	0.208685962093523	0.0295477859385439	0.424640329751481	0.0891119301852143	-0.0707461546163283	0.221712457849215	0.244219900517335	-0.289492453252264	-0.207947069372749
ENSGEXAMPLE165-rs000165	female	0.160708961051255	-0.206739630235741	-0.258264869873105	-0.0576750009714736	0.0994863571650237	-0.128340187227702	0.228845820104095	0.0565057838322059	0.232089739280413	0.153856067581424	0.00888482245174457	0.0712938461290608	-0.147581096121809	0.0603799961000033
ENSGEXAMPLE166-rs000166	female	-0.336490658286088	0.220678879581205	-0.066077805039588	0.120503087176632	-0.0422216464234745	0.124138070379732	-0.0225402472363801	0.107153191081983	0.129030639269183	-0.199077260619002	0.26044707481312	0.0458481440182701	0.204960164712512	-0.233593222556598
ENSGEXAMPLE167-rs000167	female	0.167707809145377	0.172708312125704	0.0653633473748933	-0.185953198012757	0.265971310242521	-0.157132711052204	-0.034752622467638	-0.13417596294489	-0.24658177689658	0.0285078829335139	-0.519279019143712	-0.0466924182984524	0.00502596329204403	0.110132566711381
ENSGEXAMPLE168-rs000168	female	0.173687308540815	0.0619936595071607	0.0519061125091754	0.131602070200254	-0.178112569805637	0.274351199745144	-0.0925542301618433	-0.0186229947879836	-0.11026346388843	-0.099521715735679	0.200327361551207	-0.0185731847914014	-0.350276904106635	-0.0696925160095787
ENSGEXAMPLE169-rs000169	female	0.115174550751231	0.212457508164538	-0.302399829490213	0.0846527313317992	0.00182566263066219	-0.0366978306210316	-0.0294190150014258	-0.0322641448775913	0.0674839461055337	0.0894544057705831	0.00758614236087702	-0.142798475694848	-0.080241566951959	-0.209204499600863
ENSGEXAMPLE170-rs000170	female	0.11697561384551	0.0295338465886053	-0.159612869950895	0.0872168637400602	-0.0362019206267083	-0.120603700230494	-0.210100084105201	-0.271807566582359	-0.0412299740099541	-0.156742757515411	0.0780628631402275	0.15522704717262	0.100148404176498	-0.142038729132312
ENSGEXAMPLE171-rs000171	female	-0.0148502814137661	-0.149463648349193	0.255079587022344	-0.279424226694216	-0.0708480795300805	-0.177670031675846	-0.0178671923981131	0.231481699426892	0.125133109067774	-0.0256693641530152	-0.0214642763309751	-0.0725426254193314	0.18679150054465	0.312833894235612
ENSGEXAMPLE172-rs000172	female	-0.0730151992515325	0.0929973161773239	-0.0523077317945093	0.250288494679107	-0.270359442401777	-0.0731492372025256	0.071144458926311	0.105756968882207	-0.231937746850579	0.179083219393256	0.0583805186302447	-0.0953888841861011	0.150430020079355	-0.222677570566838
ENSGEXAMPLE173-rs000173	female	-0.10390900410068	0.141924942502074	0.354221376710192	-0.00620917707904231	0.139345296313655	0.211111767023007	0.171874484842344	-0.215612320937321	-0.182078747875157	-0.0971615979858956	-0.178239172802488	0.23980130557511	0.0921175964977636	-0.0887526466933044
ENSGEXAMPLE174-rs000174	female	-0.110633841636187	0.235548894602891	0.242829395752945	0.105118700279286	-0.129222100417429	0.119785103718081	0.087898102054282	-0.0598182023021156	-0.131446194213162	-0.10124726443747	-0.234494462410408	-0.148580343324029	-0.201368575042495	0.0338430888255624
ENSGEXAMPLE175-rs000175	female	-0.0798603193168371	0.21843975021521	0.275695086830604	-0.12371192233649	0.281695124219285	0.221680943168837	0.12518228502013	0.107088803947414	-0.218002173189362	-0.238618863211479	-0.156606142748848	-0.205041350144015	0.0619510824691369	-0.17704767734863
ENSGEXAMPLE176-rs000176	female	-0.0280189034496747	-0.226580127044349	-0.0350307664418644	0.153338815164053	-0.112612246479763	0.211964681151425	0.128069618440211	0.0621120363315306	0.0838461391934442	-0.449468760565391	-0.16308230519505	0.211324972934989	-0.0268881548460627	-0.0861384431720175
ENSGEXAMPLE177-rs000177	female	0.204436964701262	-0.158526974554586	0.119456938849789	-0.127659838426413	0.0729234651119415	0.375538835728873	-0.0975657144641699	-0.169976575990804	-0.0508232347215787	-0.134905188812198	0.104987369266106	0.0953307841040815	-0.402727052648516	-0.0860491593398758
ENSGEXAMPLE178-rs000178	female	0.095420509580552	-0.131184463242348	-0.0180440934370097	-0.185165133160903	0.287353416716577	0.0248421031834469	-0.11158021981286	-0.116507793379915	-0.370195430848798	0.080186669458796	0.0563735268060219	-0.00376854154596226	0.128720882116543	-0.0820703895599454
ENSGEXAMPLE179-rs000179	female	0.160240164226161	0.116750969510104	0.291731543870967	-0.0250303051515222	-0.014967264412149	0.057458519243718	0.0587456830674497	0.0131343252603611	0.135620212127484	0.178032128178924	0.032814633599159	-0.281115132683585	-0.0122828916101658	-0.177145097886488
ENSGEXAMPLE180-rs000180	female	0.168231305632489	0.0903504515469827	-0.267416723576768	0.172517788886631	-0.00230259243847737	0.00855604800309139	0.150294039046587	0.0332089322230611	-0.0873956221289292	0.286341302624208	-0.315305153253995	0.266732174958335	-0.104121172851047	0.491249639600886
ENSGEXAMPLE181-rs000181	female	-0.181141218830813	-0.21858872451497	0.354351622402903	-0.139495458980022	-0.328294135290853	0.104855428668669	-0.115540474634678	-0.273730552513105	-0.148290332587263	-0.0128022480608746	0.17048152761874	-0.230954124972243	0.156839376886531	-0.0265340325704936
ENSGEXAMPLE182-rs000182	female	-0.0202882201629573	0.0597761779576862	0.167077934510471	0.0797431365037473	-0.178556382217144	-0.0327711469368162	0.106788177150252	-0.222482512151785	0.0941341145945928	0.00137718827565327	0.271668086735268	-0.142885913262544	0.270599512291881	0.012603190751601
ENSGEXAMPLE183-rs000183	female	0.133123941474013	0.0574758617633361	-0.0591838019072412	-0.33112374543166	-0.151305550711778	-0.109199453950092	0.103363859624985	-0.0268388408190052	-0.0987134051026634	0.0399749122821315	-0.297504268905319	0.00864281654129683	-0.0966948947159068	-0.0468497006376423
ENSGEXAMPLE184-rs000184	female	0.0295780335587598	0.0681587136992056	-0.21216279838348	0.200076242374314	0.287030037827364	0.0806266779677887	-0.210709727061682	0.0727063835204679	0.1581835447574	0.0369205151713256	-0.102345776040856	-0.0652589521686801	0.14842275653237	-0.0452253157284331
ENSGEXAMPLE185-rs000185	female	0.163613223123009	-0.207170485251957	-0.214626831372097	-0.0707177496751138	-0.0925416353253607	0.313292374531168	-0.0113779806385149	-0.032625334312397	0.176236014339359	0.317916036904584	0.13389529239421	0.0606974078707489	-0.286354172503933	0.0528086160843552
ENSGEXAMPLE186-rs000186	female	-0.10680722939452	0.278069691644943	0.033653698862121	-0.100577048442489	0.0100937917357463	-0.152159245633623	-0.177807655797874	0.0402870083395929	-0.0392364383967915	-0.033858999942948	0.295812257659341	0.238215016418222	-0.290316557978343	0.0122682598365852
ENSGEXAMPLE187-rs000187	female	-0.0174575861771533	-0.0520308249377916	-0.110913089674668	-0.022241620362322	0.325188758933572	-0.357723069348678	0.362914784413048	-0.162396958991961	0.0358922982455875	0.11471018491078	-0.143312876391742	0.0253656268312228	0.0670900213468748	-0.255918602939137
ENSGEXAMPLE188-rs000188	female	0.0915339804926994	-0.22273475399296	-0.0878722762052021	0.063897424921388	0.357873773178205	0.00159262755534064	-0.223510748805482	-0.00640961344487911	-0.06698862901901	-0.234363090782959	-0.0956106773603268	0.174541306851803	-0.189239158930735	0.141740866978559
ENSGEXAMPLE189-rs000189	female	0.239572942498318	-0.207324126182886	-0.20313586910367	-0.0247615985350995	0.23719517144595	-0.0470867621886727	-0.178011624892034	-0.0266646528521458	0.195598715885851	0.100950461216802	-0.143448794036666	-0.203298880223304	-0.205754044798706	0.016439811595754
ENSGEXAMPLE190-rs000190	female	0.123567914583194	-0.434271976973432	-0.0771102070883575	0.131495782972299	0.125731990809497	0.116312136852247	-0.00350859054621455	0.245723938573095	-0.225781019746969	-0.106376428639269	-0.0801481614136929	0.026389612974694	0.157693864974796	0.291515268702096
ENSGEXAMPLE191-rs000191	female	0.069279262101271	0.133611021493155	0.381201625896781	0.121086961774243	0.238618770500322	-0.0203548451343318	0.11395664539702	-0.40082573441089	-0.0623984485614698	0.104897285896973	-0.300521167080614	0.142989222414371	-0.0794688566619284	0.0582730229224517
ENSGEXAMPLE192-rs000192	female	0.079760400201892	0.0515949171121988	0.0884744281520561	0.084668155113708	0.0899449186476467	-0.00982011034623924	-0.165363184420426	-0.0358299066708988	-0.267770075498587	-0.0923906912401049	0.296654664732674	-0.110058139410488	-0.216008335087912	0.239889623370915
ENSGEXAMPLE193-rs000193	female	-0.0186408115009658	0.0464813619381385	-0.175724202269565	0.420292560626776	0.0988661690811371	0.0440124088909317	-0.127334889388761	-0.093666739617008	0.089860194306245	0.225864036443329	-0.0775080805401881	-0.413738421143547	-0.0575781967165496	-0.0284409702973445
ENSGEXAMPLE194-rs000194	female	-0.115259453515205	0.330239075290071	-0.149071127596722	0.265787215526277	-0.180704289166637	-0.0711003615715739	0.0116140095544951	0.0781358993977448	0.00629262834930925	-0.0246420022097538	0.142633109861644	0.369763756472926	-0.151788168147617	-0.0299548238540409
ENSGEXAMPLE195-rs000195	female	0.216907857840546	0.00656251625808793	-0.0143121377676506	-0.165233527807755	-0.153746666111059	0.343786112844116	-0.225278427172772	-0.170183708293481	0.097871984438807	-0.100343687123714	-0.0629206717387384	-0.093693230730573	0.0246007663294191	0.0147790688052417
ENSGEXAMPLE196-rs000196	female	0.0647567624601728	-0.105659697603636	0.125016052279045	-0.033594900139439	0.0589410068363892	0.527984811270899	0.438628214976079	-0.108378289536147	0.26727759057284	0.106740228018248	0.0402218267822906	-0.144113201951264	-0.0989355421314458	0.215731088150945
ENSGEXAMPLE197-rs000197	female	-0.302837192798871	0.174102367106536	0.0535468738896863	-0.256715187037169	0.247412356432214	0.121649887215867	-0.256488214169385	-0.106707800124201	-0.0508231575206014	0.0741468904101797	-0.149832216809381	-0.127259814903215	0.183694138134598	0.01042398925802
ENSGEXAMPLE198-rs000198	female	0.119114463869098	-0.369687672076004	-0.119180749105705	0.117000200249316	-0.182770443612518	-0.0836940342923039	-0.2592849908567	0.0908782468211454	0.0887786338214988	-0.03967764759753	-0.118971973802789	-0.0969476506349867	0.106877015062245	-0.159069685749739
ENSGEXAMPLE199-rs000199	female	0.0838881661469333	-0.115906415018764	-0.0633799115929077	0.0270633955720836	-0.194975481546351	-0.273344205350647	0.130959168718203	-0.0252157319552016	-0.118814633511352	-0.0337286979130072	-0.129793382989157	-0.00362962684830891	-0.0881957681801372	-0.0836178110653288
ENSGEXAMPLE200-rs000200	female	-0.230461897925424	-0.0832199525851947	-0.29626607759492	0.11819709905173	-0.00214691554559279	-0.0611399538052061	0.0713292144503385	-0.00140202813133458	0.0288598429251464	0.0724359839115903	0.149903439099279	-0.159336778710967	0.0920008679952079	0.0941366204795818
ENSGEXAMPLE201-rs000201	female	0.0934014752268222	0.0604655209779064	0.0865570020368811	-0.0610408547423689	0.0159332560565271	-0.0489767519022405	-0.079224360488612	-0.109047088937315	-0.0722842644781962	0.152399211388985	-0.0402251158815975	-0.332095186731512	0.0664366329774893	-0.00766768554983775
ENSGEXAMPLE202-rs000202	female	-0.178839094548095	-0.371896954405643	0.0132904712582363	-0.0204650207254235	-0.176314284934052	0.0346872653671239	-0.305349469052091	0.0285259583526677	0.1263106917948	-0.151894031770792	0.306453571731837	-0.218944652548026	-0.143378992385412	-0.136712958695359
ENSGEXAMPLE203-rs000203	female	-0.123382436677089	0.00799081194536719	0.00125336909620986	-0.0968610984054589	-0.00276875738687379	-0.012994862648112	-0.186556722390434	0.274928769157573	-0.145289493831583	0.0680585480106138	-0.319318322661458	-0.20782494032296	0.0140291086773064	0.0537280567625662
ENSGEXAMPLE204-rs000204	female	0.122433494416414	-0.0891528713891931	0.114187209796777	0.247680616984576	-0.0260836394631588	0.0804044346696272	0.00407970414548197	-0.116459822930776	0.29337522929541	-0.121861184128771	-0.173479811549065	0.1354306225637	0.246848642812025	0.128447046493495
ENSGEXAMPLE205-rs000205	female	0.0126458775653246	-0.0234154990433463	-0.144455043560813	-0.185763192860988	0.0837442562010148	-0.0105751950491456	-0.172199876370603	0.0380583020799974	-0.380650371989848	-0.0152257842284282	-0.566184531410913	-0.0646637304267448	0.166918352344598	-0.241348113257377
ENSGEXAMPLE206-rs000206	female	0.0278200811333857	0.027854653192144	-0.251311907439414	0.0282616292629089	0.228977383533057	-0.0240100145394837	-0.103937765704141	-0.349772750771242	0.0442940220246878	0.264173354468606	0.0401310401219693	-0.0920020389269906	-0.221033707815492	0.0881415779377194
ENSGEXAMPLE207-rs000207	female	-0.380988698660471	-0.431390594907923	0.0129706630293077	-0.092921543476807	0.220063011688461	-0.179337137410058	0.0598500874097031	0.0369749540959631	0.172099827904969	-0.151385096124069	0.00915676548407158	0.06989068713898	0.0929377211402928	0.0237935671437222
ENSGEXAMPLE208-rs000208	female	0.0726369643600776	0.0181592172402227	-0.419200119405355	-0.00771259468002572	0.122941040100182	0.0177934668615059	0.103497427428861	0.287957131112718	0.161877968467714	0.0355708210349891	-0.0667624331460192	-0.237297210139169	0.181166306927695	0.0275232723800383
ENSGEXAMPLE209-rs000209	female	0.0727229036854231	-0.0292813498273053	-0.200070576362484	0.0924173479044565	0.0880097278295176	-0.135040728497291	-0.328758951418682	0.217538770260314	-0.0922291123035277	0.26593300597197	0.163861148764742	-0.190376274240332	0.0032778887172113	0.134437285062214
ENSGEXAMPLE210-rs000210	female	-0.263657110782119	0.108483737341211	-0.295989441337215	0.212439112434311	0.136663254834469	-0.291708049972082	0.286712896076493	-0.143074971531705	-0.404297638956291	-0.0916083539505553	0.064796850513134	-0.374245559086922	-0.0211815944284768	0.149802852130553
ENSGEXAMPLE211-rs000211	female	0.124228665745264	-0.0576209095185989	0.00420290027382595	-0.0632547314591796	0.0333762931413758	-0.396988931682775	-0.176826719633881	0.213896869327686	0.158007233622366	-0.129817208949786	0.18407648899255	0.0198401906837753	-0.109632745202672	-0.0502667988190193
ENSGEXAMPLE212-rs000212	female	0.300324790040771	0.29357919392586	-0.0381638882253553	-0.0362161009839129	0.149221332862657	-0.049933396019293	-0.0309461487892354	-0.0381271943350371	0.121393221893402	-0.0691890891604091	0.0447008395920631	-0.133015434061536	-0.315009515630676	-0.0656770693337506
ENSGEXAMPLE213-rs000213	female	0.0382084310901902	0.116346450517101	-0.0566835100500046	-0.144379763616419	-0.199058040617128	0.151597573588559	0.0963866979383738	-0.125698303099481	0.067469826207023	-0.0425251799781879	-0.133239923321497	0.455192945744924	-0.190517314813202	-0.0885528501987938
ENSGEXAMPLE214-rs000214	female	0.48775912866886	0.0920681349723653	-0.25352810772576	-0.0356065088208556	-0.210581564103364	0.201827907186651	0.0131369948885644	-0.0449127920634613	-0.190826446772927	-0.0478410525665485	-0.0557303984839304	0.322101751184003	0.0226419432543579	-0.00635146010493012
ENSGEXAMPLE215-rs000215	female	0.103013618374704	-0.0562940987745219	-0.125825597380428	0.13385678698628	0.234634170852554	0.121879328797026	0.486342042170817	0.129572261091691	-0.303571178959256	0.446315574875399	-0.225727206215429	-0.275012240922427	0.145421229559803	-0.111434433789806
ENSGEXAMPLE216-rs000216	female	0.315396487994075	-0.0346613053469525	-0.285476978943478	-0.132293524256742	-0.099074025374832	-0.0516295664179314	0.177329698414013	0.0567350350676279	-0.126752088289633	-0.0137492216735604	0.00415348998899454	-0.280294051109004	-0.142466687986037	0.0857251900378332
ENSGEXAMPLE217-rs000217	female	0.447368496720135	0.0344113820642827	0.127597507127806	0.394042887210572	0.106758152986529	0.305644474208808	0.195958925590406	0.00847764595863096	0.0893565796373026	0.0036792386918684	-0.0537132237786469	0.00347222080492887	0.0672929358850364	0.0713406488892001
ENSGEXAMPLE218-rs000218	female	0.291567680814248	0.176773850332277	0.0496479665494171	-0.00811692075737189	0.263937965722185	0.0613078727329323	-0.0691183021817042	0.198522388409454	0.00470717776967104	-0.264991593439971	0.300255158380901	-0.0283388318259746	-0.0303479741200416	0.28890082719713
ENSGEXAMPLE219-rs000219	female	0.387658361479108	0.0675816424896683	0.240137579633494	-0.0708534009802971	0.148751034289276	0.203729720043678	0.0024005684315993	-0.0482817322837577	0.336569884068418	-0.219822628173995	0.0113630458893694	-0.0783782884736101	0.127860549896014	0.156481875261051
ENSGEXAMPLE220-rs000220	female	-0.0992151116597344	-0.116267489485189	0.220730378924138	-0.124771610882792	-0.0968836650849311	-0.130551951311123	0.181192767466509	-0.06725043386211	0.0708609253144876	-0.160885528463696	-0.16269135020627	0.151914528710858	0.0153859445021084	-0.283876263075748
ENSGEXAMPLE221-rs000221	female	-0.0505233661224755	0.464300057280183	0.00168736230871571	0.197890659061512	0.224833124714223	0.0964087838865459	-0.155368149929896	0.102189175699321	0.181153571778892	-0.0504438783886881	-0.157448052390503	0.293203126531247	-0.0390805880124825	-0.0920014183709395
ENSGEXAMPLE222-rs000222	female	0.0277641524814876	-0.0345272824476747	-0.526502508591966	-0.208631956255061	0.0292469782845389	0.103179379244507	-0.0751382828428589	0.179699237287285	0.267138909254466	-0.016863421994538	-0.295329870124405	-0.00512803261670962	-0.164584642126628	-0.258723727671818
ENSGEXAMPLE223-rs000223	female	0.195887992446254	-0.0170160671701616	-0.0823365030162904	0.220688794739333	0.146578716659768	-0.323830260866118	-0.073592748178492	-0.0975481966603149	-0.012927599060354	0.0539961017627084	0.212505560037229	0.158241831888938	-0.213174510563516	0.155088205795886
ENSGEXAMPLE224-rs000224	female	0.0616665253086011	-0.442540421983407	0.124910588345648	-0.158362072671509	0.0494083892658352	-0.446382725015828	-0.399361699406457	0.104318940446212	-0.0676051742508659	-0.0836279386486055	0.101187695970884	0.275528990574716	0.152924444625787	-0.109828458977835
ENSGEXAMPLE225-rs000225	female	-0.050776817490205	0.0483619987228765	-0.0903831004547452	0.206671540286019	-0.183204565324888	-0.0792163140595183	0.348042256639135	0.365085420683219	0.0175258051603214	-0.360908545349748	0.176146002150651	0.0442313473276131	-0.0996048677349703	-0.0240805196615053
ENSGEXAMPLE226-rs000226	female	-0.115187982398775	0.246199955603008	0.314732954579689	-0.235135535378223	-0.0146902669296366	-0.284740223507133	0.0513055884374921	0.108782633093035	-0.235884548139663	-0.121116121766067	-0.232283990433132	0.113603067068486	0.0143172888932213	-0.137330304159506
ENSGEXAMPLE227-rs000227	female	-0.192434469709234	0.324009781820076	-0.26782554764638	0.0984903181995936	-0.0950554140239917	-0.101692545939915	0.0232444871233739	-0.112086377459382	0.0148995605222381	0.000784788135475615	0.0617751146788566	-0.237544815344975	-0.114848209584644	-0.0623677607581897
ENSGEXAMPLE228-rs000228	female	-0.122836915199208	0.0910854124462255	-0.134558608972291	-0.00616085803200494	-0.098683946567169	0.100722268738641	0.0624172378958438	-0.282990381952788	-0.0383415694500778	-0.278840190067736	0.0920062536748033	-0.196759903022141	0.033726182399293	-0.381245212661211
ENSGEXAMPLE229-rs000229	female	-0.0949126431313203	0.0696965258230886	0.208915870228516	0.174293064780642	-0.136457733660513	0.407796719557955	-0.0840715104256909	-0.227384092360381	0.0774411063085084	-0.0511228690282202	-0.0304446641801794	0.0157189284226395	-0.308258572797698	0.465784517808326
ENSGEXAMPLE230-rs000230	female	0.290826026049436	-0.194955773523723	-0.0233288603054369	-0.0640139442043586	0.0476696704841324	0.00276970655383675	-0.224898618932526	0.0258216276618026	0.0186352966033356	-0.129881947917482	0.331074231430867	-0.0567070938031564	-0.162065345601459	0.235018496059559
ENSGEXAMPLE231-rs000231	female	0.341280070018118	-0.230689391456374	0.293967650296669	0.176071765680366	-0.0341776204254816	-0.0506893013954138	-0.0662526787990856	0.281103892087738	-0.0642869888873274	-0.0941492366936454	-0.219295287171349	0.0161341337580574	0.230288643390548	-0.109659762366749
ENSGEXAMPLE232-rs000232	female	0.0091197887600004	-0.113016458913982	-0.00228952409785367	-0.192450311168135	0.283083365016853	0.0430943875450492	0.175860824176269	0.231775577626559	0.0058830638809507	0.072185072256309	0.10391991860805	-0.0671286189197518	0.236182595782651	-0.125668490222357
ENSGEXAMPLE233-rs000233	female	0.197491052344559	-0.136724809193382	-0.163191578702032	-0.0871393357756436	-0.262654341758099	0.22018789039877	0.00978818670136005	-0.135505661661021	-0.24491925511842	-0.00549651557437089	0.0826486620519576	0.120071319088889	-0.0641897197117959	-0.194345030203717
ENSGEXAMPLE234-rs000234	female	-0.0655181162710093	0.0210171703973292	0.0573157754522668	0.137816871540578	-0.193730641847637	-0.117906848672302	-0.491729912240423	0.00241988891062847	0.172011939551058	0.10400848321635	-0.0347392945919657	0.0645509485562432	0.207205206679216	0.0860933061661009
ENSGEXAMPLE235-rs000235	female	-0.415628069848035	-0.429188361384185	-0.069071955415295	-0.206126344964356	-0.231376773851541	0.319828196488863	0.309721143898181	0.0114229574183189	-0.273011583490787	0.212675557590681	0.0181656549308123	0.055148138458303	0.151538888488009	-0.0102572436332945
ENSGEXAMPLE236-rs000236	female	-0.158312701148733	0.0865404739941958	-0.148134727050046	0.164520933463106	-0.0918221743269453	0.213878171891068	0.0356104486484448	-0.154810284769745	-0.0805207809616934	0.053131536690739	-0.146933517999651	-0.161650331824206	0.332446863360007	-0.194109291305773
ENSGEXAMPLE237-rs000237	female	-0.0537501225272293	-0.101442322895157	-0.102044130557095	0.0474447559598456	-0.20467044050509	0.0847257028568955	-0.126269649084829	-0.0882229861444788	0.0798773008212359	-0.110006543718874	0.127667445496817	-0.310117145264581	-0.0181532774128752	-0.175434014955588
ENSGEXAMPLE238-rs000238	female	-0.0428370982037342	-0.0798461142440271	0.0510747381715218	0.327606824195959	0.525082123540021	0.147304061758351	0.250599053131764	-0.0427291380339367	0.0875887974161808	0.314413244981883	-0.0218615204776616	0.064729844325272	0.392156646215705	-0.0318062782057897
ENSGEXAMPLE239-rs000239	female	-0.152091989731507	-0.0878567321724586	-0.146852791471947	-0.0618174118894167	-0.327343645841958	-0.237952593948987	0.164534104778545	-0.0405469215401689	0.181724018109557	0.373262994867646	0.0853743618890286	0.0384561154788558	-0.0347166297167155	0.280119640996803
ENSGEXAMPLE240-rs000240	female	-0.228957373520225	0.0199705585799209	0.206552106637331	-0.0661546163799992	-0.154601021923503	-0.199931929415218	-0.0682622865699471	0.0236617382450256	0.213073933975335	0.166645434557874	-0.0495908972030087	0.170655690153423	0.182261670091281	0.124114457733153
ENSGEXAMPLE001-rs000001	male	-0.0739280172285099	0.00274969780406539	-0.0701121399562259	0.078887079885471	-0.383844611402952	-0.238365251000473	-0.0512400558792611	-0.224920401157556	0.0518835884005588	-0.425514656838007	0.167824585515317	-0.295277031681721	0.104163348185632	0.064631044646398
ENSGEXAMPLE002-rs000002	male	0.039402781962381	0.290270864637794	-0.148002383748641	0.461055420116734	0.124484743922171	0.145999640063471	-0.369123870575793	0.125397494616097	0.0161241682560752	0.125378320686703	0.221068208955576	-0.000101388528087762	0.0119449327929442	0.0576467779861371
ENSGEXAMPLE003-rs000003	male	0.0589617743791972	-0.152740095414183	-0.116074238427779	-0.105808478466882	0.192622002571706	-0.120056759300725	-0.0962793288850237	0.307127444404432	-0.268478023569409	-0.155709503134878	-0.296066586617951	-0.147386745851387	0.134375632076732	0.189770503064645
ENSGEXAMPLE004-rs000004	male	0.0552525872830493	-0.316537185520951	0.28328450443975	-0.166923580930044	0.0386888693964463	0.199417429438096	-0.196344483385108	0.00639874562052649	-0.158360311536352	0.042291181351908	-0.1271381575754	-0.0999116576026029	0.0919663084721864	-0.0723162342601356
ENSGEXAMPLE005-rs000005	male	-0.243863585961585	-0.373210699519082	-0.176148314073421	-0.00620449683441203	0.0978984497827948	0.000108904401792311	-0.150981904468447	0.156430775905253	0.114641928420464	0.0443854097487821	-0.0516614205352505	-0.0223011827089599	0.143284758616739	0.15544463363333
ENSGEXAMPLE006-rs000006	male	-0.27193192674156	0.119374303381306	0.262589411067419	-0.184557638106048	-0.0775185094374669	-0.127874182552984	0.302552965428972	0.125740842505037	-0.0600212377705304	-0.0747437239922301	-0.0656052135563658	-0.26029778267746	-0.112420588402328	0.00650604474549898
ENSGEXAMPLE007-rs000007	male	0.341093668565772	-0.00652780228578124	-0.0208962209585913	-0.43942082411463	-0.123955197170071	0.0512100894314811	-0.553439511486747	-0.0980881443466078	0.28862862040896	-0.0994341515019862	-0.246648148957247	0.221398749305894	-0.164953989021442	-0.370245757654652
ENSGEXAMPLE008-rs000008	male	0.252931901858884	-0.0077652331933362	-0.116567358030904	0.0554383477393009	0.146642965359573	0.100569514359191	-0.0570947476056944	0.138406265249033	0.198361420980357	0.128806051728655	-0.0197539983380659	0.393642963214844	0.183193987506049	-0.201179775022322
ENSGEXAMPLE009-rs000009	male	0.180819455005221	0.0873146601090471	-0.285839341189437	0.0607445454657605	0.13556629510388	0.0924431494494757	-0.084344109371001	0.0290137396296739	0.266269928039578	-0.0502750571651107	-0.137425325126191	-0.223270312229162	0.163997980011086	0.10568365128622
ENSGEXAMPLE010-rs000010	male	-0.123756696178429	-0.201464313428735	0.0726286886016409	0.159400539588117	-0.0922950008855928	-0.0463166526681317	-0.375043639011483	-0.123291720901021	-0.0280199780020097	-0.0301708909706136	0.331304612307553	-0.270363271196332	-0.103142904736175	-0.0739617472990733
ENSGEXAMPLE011-rs000011	male	-0.104080634907161	0.0806837956252259	0.0366135678680093	-0.0745683330708066	0.0797154241427254	0.303512879877506	0.0804916927806627	-0.00459644647179352	-0.174890404486637	0.0431168344217866	-0.102284128211719	-0.143838299645799	0.155966433006549	-0.192165041766225
ENSGEXAMPLE012-rs000012	male	0.0703303211851927	-0.0343468219164316	0.0106668903581685	-0.0373740744058396	-0.0147728173364357	-0.159202252503221	0.338753674393046	-0.448570822122329	0.0134850904753249	0.101494215609429	-0.18539406346685	0.0454437461362297	-0.236732493675286	0.368087117581
ENSGEXAMPLE013-rs000013	male	-0.117728729064502	0.128710228384134	0.100371733151011	0.183568274736549	0.0964428192228471	0.079327637391534	0.178202708509361	-0.00675836086718707	-0.221517939922532	-0.320744864105355	-0.363612455762989	0.0524033855521331	0.405228041326479	0.155482473241621
ENSGEXAMPLE014-rs000014	male	-0.0097129873356333	-0.158006211601216	-0.109766372189945	-0.106332184568618	0.251687769694829	0.102850095741358	0.0477970739051482	-0.341294588069733	0.0965461125389287	0.0506166765436995	0.229569546844898	-0.0775263521971554	0.406844065565597	0.0638246363036027
ENSGEXAMPLE015-rs000015	male	-0.0403798865701146	0.0197134433047322	0.2096268251963	0.238075169080026	-0.0366008981852358	-0.0949915262339496	0.0223551313225699	0.0182441401381686	-0.125507594093973	0.101533002283456	-0.00385611712060887	0.390391565469155	-0.364117210003377	-0.470582620090128
ENSGEXAMPLE016-rs000016	male	-0.0752963947826533	0.00305912203146249	0.0422231974987306	0.0620243904811342	-0.173562309249459	0.234062923019155	-0.113262459416758	-0.111635632768256	0.0202155105693912	-0.122429061326594	-0.46259527113583	-0.162707377762946	-0.199535306142809	0.14321843749325
ENSGEXAMPLE017-rs000017	male	0.295562454115725	0.0188477544701045	-0.0372297925932548	-0.275597089900954	0.095278800279456	-0.00110361544671	0.157257776206582	0.0923208747172647	0.178292059546225	-0.0941932423537839	0.0459209465065339	-0.268510134592195	0.0544120287834896	0.202463360548466
ENSGEXAMPLE018-rs000018	male	0.29394320750462	-0.0929744213076772	-0.147105176550693	0.0447886803072482	-0.0871165174623527	-0.0477073032619588	0.195234170102436	-0.0820680797617835	-0.0431888358827863	0.080446145302675	-0.157369818241864	0.167441794528255	0.0750714160169098	-0.121778821029145
ENSGEXAMPLE019-rs000019	male	0.333944441045986	-0.0478804701340083	0.264552716583545	-0.00119229946743045	0.0207457370980318	-0.120404118195821	0.018855777397023	-0.0573392012261654	0.124341501169676	0.198280788075743	0.0381393786859536	0.037948076329753	0.151583075403096	-0.225445595782406
ENSGEXAMPLE020-rs000020	male	-0.0410333627041039	0.179092007518787	-0.0628132371310065	-0.22033060645651	0.178902879266681	0.153257639064512	-0.0566766053101974	0.121707641462173	-0.314216415873951	-0.0854765975735248	0.105193750726105	0.00898854577938618	0.206531327700302	-0.119798122484597
ENSGEXAMPLE021-rs000021	male	-0.295137652334151	0.110755626466514	-0.228641687086726	-0.0229932460107081	0.317993973962439	0.0300470743960424	0.100429276907677	0.0357351207068329	-0.314652240952297	0.183400493373355	-0.165033598217535	-0.0123561223913553	-0.149864341445066	0.10831038746255
ENSGEXAMPLE022-rs000022	male	0.165845895886583	0.207166747973092	-0.138081046126291	-0.404255612019471	0.0570867611345088	-0.113833944218538	-0.304927396263096	-0.117264633989405	0.155722753107762	-0.0161359374101049	-0.0699544977241876	0.0288210329795227	0.009612365508811	-0.181557442513985
ENSGEXAMPLE023-rs000023	male	-0.129440548333159	-0.0512731620211975	-0.441797601276028	-0.0266128874184676	-0.287823237180227	0.106738341779178	-0.0477944192896469	-0.143890861032008	0.351548444591804	0.0590104895141724	0.273886265967101	0.0734317957088945	-0.0566941324591488	0.150357780772753
ENSGEXAMPLE024-rs000024	male	0.205844311490327	0.461499053050995	-0.0354713774979309	0.142766760580353	0.139200486069068	-0.074922368987259	0.323771102150834	-0.243577281348496	0.294014156582381	0.147803681914325	0.0104969753657209	0.198698547942628	0.0425129304041346	0.203386387528343
ENSGEXAMPLE025-rs000025	male	-0.17611726117796	0.127888714688989	0.0554627066598401	0.0585559034433841	0.0283150250486115	-0.0789365907526804	0.096000581352312	0.130819526529177	0.178206243582127	-0.134617436639866	-0.131252752888006	-0.22234690698824	0.08644823066651	-0.155282735043108
ENSGEXAMPLE026-rs000026	male	-0.00246537698291653	-0.0635780011956902	-0.0123222987088044	-0.249351319156325	-0.260020778289566	0.0735358469007862	0.0893832453941005	-0.0096775078193529	-0.244551974100038	-0.108568923460828	0.00586885409549818	0.359351119950463	0.04656768750859	0.22254835634606
ENSGEXAMPLE027-rs000027	male	0.141694669061971	0.0725547591793707	-0.128463588212071	0.175606318958009	-0.0413224593140618	0.00618611961213267	0.152723338518848	-0.0446077070952576	-0.127043399259934	-0.146227223347093	-0.381802429068335	0.187710680268131	0.102768629324323	-0.0627926673286139
ENSGEXAMPLE028-rs000028	male	-0.208219402293894	0.404269673588773	0.327124969120121	0.0347780444990801	-0.1261130075607	0.018154966742339	0.0530757501761038	0.172656315402037	-0.111070154667037	0.174491993841812	-0.181921840864068	0.139527909549541	0.0864307400628866	0.109132391222727
ENSGEXAMPLE029-rs000029	male	0.331630665404822	-0.261263984063548	-0.345007194005731	0.100138519058697	0.152069572425403	0.255208228725485	-0.0359645672573423	0.00590550994016231	0.285294280996663	0.219390907644023	0.306287222674141	0.179190457623595	0.227480536036884	0.011841344242564
ENSGEXAMPLE030-rs000030	male	-0.224779601650532	0.361095966852751	0.0160945249573674	-0.0237811370521563	0.0829629602522762	-0.172697604885864	-0.0737752880907998	0.229072331620911	0.165641432101397	-0.293912982003286	-0.167251028051253	0.259667135508174	0.464215380005688	0.185254760583082
ENSGEXAMPLE031-rs000031	male	0.211587833363374	0.322653146399872	0.273217613275547	-0.0499211654496363	0.0134252294323263	-0.0968914062413843	0.313613377095559	-0.0841289491566624	-0.176435428216365	-0.487784797278511	-0.21738606950716	0.131487925330728	-0.0471719253780024	-0.228261387826854
ENSGEXAMPLE032-rs000032	male	0.232578498618132	0.0478378728672037	-0.200303083020691	0.495313510697549	0.101668681842337	-0.192533402938548	-0.00143062770809686	0.084380234319429	-0.102754642428958	0.239941694040924	-0.169803711787249	0.160613453728614	-0.197299759967029	-0.436701742765705
ENSGEXAMPLE033-rs000033	male	-0.379887729612819	0.110982974061745	0.0438674978262983	-0.0482603456431395	0.125402527172644	0.0910199339012437	0.0460006087322779	0.191698070836775	-0.217512229196445	0.0724173970631325	0.191577349290376	0.16665510969884	-0.191268215414135	-0.27814575471106
ENSGEXAMPLE034-rs000034	male	0.0513155428711608	0.102279563728622	-0.372403657486086	-0.347482115054928	0.0647840461836693	0.231603579393738	-0.204153863593666	0.0318647433374816	-0.203535959648638	0.212632138441623	-0.291312654559998	0.343787587313911	-0.0113778631813046	0.0388441582620451
ENSGEXAMPLE035-rs000035	male	-0.342747384070269	-0.269887512164063	-0.250311786343238	-0.0986243893992848	-0.280144431414402	0.109530733767525	-0.0910962221341938	0.132329988189679	0.150304944284518	0.17306730578055	-0.343315402068817	-0.0317526886886855	-0.114900512654653	-0.339369461130186
ENSGEXAMPLE036-rs000036	male	0.255536936233464	-0.22975718322136	0.0981524668655404	-0.117258136262651	-0.0743515388642616	-0.0496236011817185	0.262859931632578	0.233193671306958	0.298525791053109	-0.344229492389767	0.441545971365275	-0.0326689371100392	0.284779931182061	0.36550006318896
ENSGEXAMPLE037-rs000037	male	0.0582769922558066	-0.347400716752448	0.491769289016172	0.00270564747866392	0.105311418464114	-0.113752315546357	-0.0119194393637177	0.0460727344121296	0.384171582677071	-0.303168079445067	-0.235240810251355	-0.0506025376135482	-0.198956351019643	0.177959322064762
ENSGEXAMPLE038-rs000038	male	0.112244961948618	0.142504930486727	0.0199162675947251	-0.122735807644635	0.0817968963052707	0.0172491568397837	0.0573571716107679	-0.00890479643429506	-0.0198428728627436	0.206516134376063	0.128767301290831	0.2213578423864	-0.110733095174112	0.138138012586336
ENSGEXAMPLE039-rs000039	male	0.173373216612712	-0.111561394970735	-0.0873524608988468	-0.0673289183418546	0.0902717797200085	0.0916600240111551	0.00662882633575439	0.0321507223919324	0.0427528009718647	0.137477565846783	0.126725803702005	-0.160078921412924	0.312228330457867	0.000645103303694354
ENSGEXAMPLE040-rs000040	male	-0.0556414322657484	0.15177387939553	0.121813799582053	-0.055040015602223	-0.211358762512315	-0.101264761134511	-0.120198258799318	-0.745428560839747	-0.337502815562458	0.0281692159337068	-0.190346904357178	-0.0745097543930535	0.101880204639293	0.327313028636157
ENSGEXAMPLE041-rs000041	male	-0.240496767995408	-0.0929048884581957	0.115119089366989	0.0718468290604739	-0.114491437330654	-0.0905511781645311	0.310831867898432	-0.1004976359456	-0.229591678960006	-0.183670579387626	-0.207245287130835	-0.262737670720486	0.162517425092366	0.151300370775769
ENSGEXAMPLE042-rs000042	male	0.0741749769698799	-0.072403739692289	0.0771502299939052	0.100082176000241	0.000614821674784577	-0.156900228133586	0.0245847002176955	0.195844743836223	-0.153311883158596	-0.227889151913241	-0.0294915828141828	0.151788925864076	-0.128962325446231	0.191938132848567
ENSGEXAMPLE043-rs000043	male	0.0326792789270065	-0.0413393836103056	-0.229496715132403	0.270964392059032	0.123639325006796	-0.0585342136886843	-0.255499889476478	-0.332090461155835	-0.033857812987395	0.304010630318347	0.0608369000502482	0.13935094760824	0.00303548492208029	0.209278196204339
ENSGEXAMPLE044-rs000044	male	0.122416455087916	0.150451052087847	0.148280671292765	-0.10634170192093	-0.0272821262173745	-0.0638349693749399	-0.212204350835925	-0.283563286744744	-0.42036584653997	-0.0308601727175854	-0.286656535116995	-0.0623116667931298	0.031268804578534	-0.1569217146151
ENSGEXAMPLE045-rs000045	male	-0.23658842033338	0.126079093429786	0.0395591124265512	-0.00820158418435753	-0.0768993254492648	0.191452090630876	0.0833267301734556	-0.0497143388121518	-0.0202263310692308	0.0298135493909624	0.0657918902605262	0.264093182044579	0.0152169805315661	0.0261611471229307
ENSGEXAMPLE046-rs000046	male	8.41668854571513e-05	-0.0229694091475099	0.0301944765650952	-0.0821522109387274	0.0997251987125425	0.0775420208585096	0.00544283967629645	-0.193992728800164	-0.350312609566758	0.205063665734144	0.127872581251203	0.13016773534388	0.298222183193395	0.0995928182497765
ENSGEXAMPLE047-rs000047	male	0.215703615579321	-0.409437400307891	-0.106116729242144	0.342629807404747	0.129485994598858	-0.176508326857445	0.110140291794306	-0.228151173017627	0.132497715480646	0.254267519936191	0.0692342685994059	0.0394608207711784	-0.0405522736268363	0.0327033793166565
ENSGEXAMPLE048-rs000048	male	0.1610366511329	0.0231406895352452	0.358791759400158	0.00892805251920971	0.0142648826093646	0.00536695411080353	0.049324196615692	0.0310108796312077	-0.049437879449353	0.0815866889168834	0.0352623400170678	-0.0173640019314267	0.0619006182941814	-0.408989386767228
ENSGEXAMPLE049-rs000049	male	0.00389953627424303	0.226418436422598	-0.242189712248557	-0.277102206843456	-0.00207573060197536	0.0198473225466399	0.0884170100724408	0.291248791092714	-0.0630420387887172	0.0316517293282431	-0.0034788051092389	-0.202097538087592	0.362668588690578	0.407621916971313
ENSGEXAMPLE050-rs000050	male	-0.0480715468024916	0.0417526147881657	0.102093864528512	0.00291181532953433	-0.107996367426689	0.0656832600839309	-0.066148540959379	0.200496891702734	-0.0339386899150536	0.221509219155524	-0.0200674362708332	0.0753265723351143	0.030746190985029	-0.0635381401345045
ENSGEXAMPLE051-rs000051	male	0.100238637773582	-0.0844976708347976	-0.0723489480013884	-0.0172383668858922	-0.012711529514325	-0.185078315375664	0.138293651559521	0.0192596866307548	-0.0371098543777201	0.0168707629395716	0.0700198881628375	-0.466299068038281	-0.0344998614655889	-0.101385681333876
ENSGEXAMPLE052-rs000052	male	-0.0614697090493347	0.173522417683753	-0.175101905396097	-0.0660336898673521	-0.0930212799688314	0.291133466056319	0.479001793486943	-0.26767776413561	-0.0654063066380262	0.105559696022327	0.114804662181295	-0.159481282984149	-0.231243989685274	-0.124264370053605
ENSGEXAMPLE053-rs000053	male	0.247646688557474	-0.258556433387419	-0.324713127108223	-0.0590205951356433	-0.0117153079617059	-0.254718963036157	0.322040717405934	-0.228345487933005	0.0312578398205866	0.0111138775068493	0.152982306306135	-0.101097773993822	0.0428182469357785	-0.109762919968288
ENSGEXAMPLE054-rs000054	male	0.28732861950184	-0.162668317935554	-0.410794723277191	0.0161643055539539	0.107825807359672	0.251918313650574	-0.00659290658428142	-0.24508465840166	0.188614080691832	0.154328038351285	-0.00492247413383774	-0.134512636068438	0.211490150804383	0.0240837736269169
ENSGEXAMPLE055-rs000055	male	-0.231011526916057	0.252169569030958	0.185461329855151	0.0609143333810647	-0.0745242590386476	-0.107538240652403	0.0176110348694159	0.010501108870048	-0.214041428977575	0.470324054498596	0.0351628988114717	0.10734387114368	0.0483288584292901	0.109464117057864
ENSGEXAMPLE056-rs000056	male	-0.148356605313575	-0.155842542493689	0.00122952688467175	0.05150224438655	-0.113014888407307	-0.0927606431185776	0.225374959438026	-0.146882851512097	-0.00791293977935415	0.089122168969809	0.406566455092308	0.191101422249215	-0.180039715177606	0.0100386797724013
ENSGEXAMPLE057-rs000057	male	0.0842766107299623	0.13258554117365	-0.0955739517292955	0.0545286229981971	-0.308307191631552	0.260041673264916	-0.165650047762993	0.360877941007174	-0.103619098314192	0.179531137645416	0.111754118593604	0.112779554384821	-0.121555645542427	-0.102824307029188
ENSGEXAMPLE058-rs000058	male	-0.135069871399935	-0.44800600205448	-0.270350467926018	0.174367568060414	-0.0287047034533369	-0.379875703540696	-0.111787456250146	0.283113465623498	-0.200606076897344	0.262781676251532	0.223965805540801	0.230019157270382	0.110879518924411	0.00453315359962545
ENSGEXAMPLE059-rs000059	male	-0.0526239192985656	0.100830208373685	0.204411376612979	0.00103891409921889	0.0507436493574206	0.151439644706712	0.223622046635313	-0.174821023721677	-0.256251969136419	0.0806898309520329	-0.211923121032069	-0.14985165676873	0.0876443795167591	0.0983760884522559
ENSGEXAMPLE060-rs000060	male	0.201868261463056	0.0625078499631278	0.0342723836476636	0.00239755958945884	-0.442969962198478	-0.0756953038285949	0.135862105092665	0.114728229972983	0.242322151801756	-0.185638367066892	0.00175873336009061	0.0598478139671592	0.360661972075888	0.04495852253806
ENSGEXAMPLE061-rs000061	male	-0.0936562861924293	0.0988862733783978	0.130667747714149	-0.00834187512183215	-0.0232481704927525	-0.112460377746362	-0.191676158596182	-0.0544553769814168	0.220137193288833	0.251790060961921	0.0606998471952174	0.0845910770057567	0.00206326051272824	-0.261402618408724
ENSGEXAMPLE062-rs000062	male	-0.174277756895303	-0.148741556592413	0.294489695258616	-0.161333928169324	-0.292669962337082	0.43122670864568	0.0823345736388721	0.216353908675499	0.372505644443	0.0464134652096935	-0.116696535930014	-0.208155723175235	0.00698686483517579	0.112745898282642
ENSGEXAMPLE063-rs000063	male	0.0573571542907188	0.131598495391196	-0.260039285534066	-0.22950023718117	0.0403191521963401	0.536013918016937	-0.310627335176506	-0.034397425291443	-0.186491701482282	0.0765484343417068	-0.0714004105400017	-0.250454449823745	-0.135042835957655	-0.289518153598341
ENSGEXAMPLE064-rs000064	male	0.162815848564541	-0.146248031863558	0.075127693462635	0.157244000092671	0.062716637608824	0.169270032315084	-0.0561429251653376	0.303592890731539	0.125203436879986	-0.324627334755268	0.195323973166154	-0.0860601248790959	-0.163096282673116	0.566462353775724
ENSGEXAMPLE065-rs000065	male	0.247448509538612	-0.0774070083121583	0.160584044709714	-0.128224756992182	-0.249043643658764	-0.00734934017823211	0.0549073761087086	0.218649125476808	0.0379647637796997	-0.092556022982556	-0.0166632640180807	-0.0300455088636829	-0.204399437106126	-0.263423058337569
ENSGEXAMPLE066-rs000066	male	0.0806644847923954	-0.112300927034086	0.0624386766560074	-0.114443366453113	-0.219808509064847	-0.480855279812517	0.193455536377982	-0.113109838366411	-0.0784575984877427	-0.430000982613303	-0.15498450904853	-0.188188546876239	0.0490702093970063	0.158686274296345
ENSGEXAMPLE067-rs000067	male	-0.0431303262293053	-0.0811938677895346	-0.0126158716853955	-0.0849567606248857	0.0644985967774805	0.260568920085178	-0.257241716743728	0.0357986989294805	0.188363357585748	0.0789642883103957	-0.0997028817093727	-0.094173770249324	0.0412529507516004	0.0887146090382765
ENSGEXAMPLE068-rs000068	male	0.219962923860812	-0.195194877315901	-0.268527221324882	-0.0416412405341607	-0.171931899992924	0.12925651052008	0.0666674860557246	-0.0543016078672369	0.191083053346997	0.0238956583818011	-0.228771737691009	-0.00495979171140901	0.24533526790667	-0.172958963684797
ENSGEXAMPLE069-rs000069	male	-0.200038425386671	0.234392015324503	0.176591095591653	-0.235168998549516	0.0160606613849315	-0.124962279642412	0.307033625087815	0.103492145866952	-0.245886380323219	0.160441336972131	-0.521583241230538	0.0968547239587093	0.116017098287752	-0.06427138564452
ENSGEXAMPLE070-rs000070	male	-0.11944807784117	0.0875436465975852	0.0414058981662601	-0.0397521141455119	-0.225491130283735	-0.109817020173988	0.036006509880952	0.0481074098018585	-0.196198880708372	0.301679720656465	-0.352008908653328	0.086656380565724	-0.00594807850729727	-0.146730372499091
ENSGEXAMPLE071-rs000071	male	-0.0763616847790286	-0.207220743134919	-0.0234995951831446	-0.236186707971009	-0.155433415513492	0.332813230236872	-0.183616958465177	-0.58217354945692	-0.134809304394766	-0.0898688965757691	-0.24269039423324	0.172750267768275	-0.114183450989349	0.0866429860934719
ENSGEXAMPLE072-rs000072	male	-0.0645082062445161	-0.0954327289080044	-0.109937312577124	-0.28177617888603	-0.18318224904417	-0.0297259480057853	-0.495427157021689	0.0862439402735657	-0.353208426296256	0.0559291149240115	-0.337130286173573	0.259940413589638	0.097981473845213	-0.242303813775065
ENSGEXAMPLE073-rs000073	male	0.280975061939685	0.0503125565090069	-0.0339493974312206	0.118501962063795	-0.301840679759822	-0.233409571148302	-0.19240668312177	0.0710088622182638	-0.0875858730110871	-0.196526202092465	0.0291019171997643	-0.177559117056023	0.00279792611131324	-0.0319592226868818
ENSGEXAMPLE074-rs000074	male	0.051376103343704	0.0496297791279539	-0.0100140497527952	0.262769160328723	0.147627320852137	0.0613997847542	0.0595134678700279	-0.226650309041078	0.00884181259335596	0.00607839660032778	0.222745825182379	0.138377371835371	0.571072682687545	-0.1357657896475
ENSGEXAMPLE075-rs000075	male	0.216593572874642	0.0110476084584438	-0.412518688659563	0.0147133676613991	-0.0693533633708945	-0.0776355140684196	-0.208915882408581	-0.496017168894107	-0.24666655149757	-0.138986061331693	-0.25153029442501	-0.0367335397548385	0.0227981661521387	0.0464429144974268
ENSGEXAMPLE076-rs000076	male	-0.236742835084472	0.0457977141050847	-0.188579971980456	-0.17365985470874	-0.0876037259893359	-0.16875429985494	-0.178356727819979	-0.0763398855443278	-0.239490559683721	-0.0992746842064617	0.235763787988996	-0.0451070731501046	-0.00884617421816829	-0.0572775689073977
ENSGEXAMPLE077-rs000077	male	0.165619560012871	0.271485398965574	-0.0683377540378286	-0.0353622644160509	0.168987232591529	0.219556221707843	-0.155666889013627	0.120193434560078	-0.140762816537913	0.00631662687337212	0.239289487078312	-0.109585506053674	-0.0394672272922104	-0.185224512485796
ENSGEXAMPLE078-rs000078	male	-0.0512865100967869	-0.0672099457869139	0.130549156896412	0.233800392383962	-0.224973198217839	0.016014351928815	-0.0826908569430673	0.123432194972103	0.0561701868752896	0.164156488309573	-0.180645535971848	-0.158935955555616	0.138842693725376	-0.047695147882984
ENSGEXAMPLE079-rs000079	male	-0.240359287558489	-0.393863398006372	-0.180807774624537	-0.0909994690493761	0.119705965703439	-0.0773696904989638	0.11411875666516	0.072728998526841	0.225519826678502	-0.0617643069170768	0.433020732982769	0.249910229642641	-0.0111607437329046	0.378147872038462
ENSGEXAMPLE080-rs000080	male	-0.134512100066469	0.0788623603466238	-0.346537104530778	-0.0243928765007026	0.0653431558766418	-0.182068634684821	0.234750927084118	-0.0173748758043646	-0.207263560590319	-0.365477586681795	-0.213979580492459	-0.232301741955335	-0.334251787976146	-0.158587862439781
ENSGEXAMPLE081-rs000081	male	-0.071241122355345	-0.390264616018097	0.0148683389332033	0.0300033234644715	0.072016355527014	0.0677283763638034	0.00767422030668535	-0.0214543381218777	0.0391985671493265	0.258059882012121	-0.0705859665811431	0.158945617547091	-0.141017620545737	-0.0726446483472229
ENSGEXAMPLE082-rs000082	male	0.149084347698598	0.0520126892818277	-0.0220093666608621	-0.284878619860971	-0.161393013521556	0.0818255995993038	-0.100146192916767	0.0281753991837276	0.110232459867384	0.0715854426431935	-0.0479876280804453	-0.0274902412470652	-0.470329264753198	0.11696064176708
ENSGEXAMPLE083-rs000083	male	-0.145402612603459	-0.121837851535753	0.23991023020331	-0.127615554419758	0.27771813719025	-0.200961953067925	0.152007479207818	-0.114852632262628	-0.339292521418793	-0.0890265819583247	-0.123169118049156	-0.00544610984628429	0.0390392858441547	-0.0316967898540836
ENSGEXAMPLE084-rs000084	male	0.176184075454912	-0.0770519475210147	-0.148675277390326	0.256475278432066	-0.290696338865425	-0.153749089434407	0.329612722704266	0.245070662594396	0.0827435752758055	-0.0760113233567238	-0.152659770415418	-0.0437145695124935	0.0111558219090198	0.0814991660287815
ENSGEXAMPLE085-rs000085	male	0.005888399373126	0.166313604521341	-0.16625315857282	0.219458885598218	-0.157208127794609	-0.142547420984262	0.164763877767411	-0.297405834857978	-0.23010653300445	-0.195811591462151	-0.202975828467637	-0.249215346643227	0.0347780531940009	-0.0515914686900473
ENSGEXAMPLE086-rs000086	male	-0.0609778203205968	-0.0981550532307466	-0.0520537307932471	-0.0724768966168859	-0.385708134793861	0.0831538371198386	-0.141582431045806	-0.0566184408077442	-0.285662940763718	-0.190709642112442	-0.105218446810347	-0.213889069507252	-0.296474518350684	-0.0752174744050182
ENSGEXAMPLE087-rs000087	male	-0.0960505245368876	-0.036393190879261	0.00279557428346643	-0.15113598778845	-0.068357485305008	0.300469978730727	0.0784443544419752	0.114103362193383	-0.227502559548292	0.242177274378526	-0.211179150515309	0.280484921908835	0.115220766969889	-0.249599120084715
ENSGEXAMPLE088-rs000088	male	-0.263301501146222	-0.0506198289376675	-0.206010822446864	-0.0649549983808754	-0.386976730876141	0.232516603899829	-0.298839485312119	0.143162605048369	0.121279001672187	0.0745502798990881	0.365455520696299	0.00702925629480696	0.169301000753295	0.173398211852337
ENSGEXAMPLE089-rs000089	male	-0.0486136739549386	0.0463893455680262	-0.0387323508316537	0.0250746089356591	0.450912164630762	0.179705682290832	-0.228025066105317	0.390972851309313	0.0543890463563882	-0.238984328383457	-0.164038280027041	-0.138595440968932	-0.0676413548371802	0.000897887005289352
ENSGEXAMPLE090-rs000090	male	-0.00327191564762926	-0.0810865061889755	-0.210363199826049	-0.343089992614937	-0.266970614707158	0.123771855322503	-0.0891628427374008	0.157827588967434	0.0886181615154151	-0.166178317985808	-0.0154934955880444	-0.0911442980747257	0.19157080908137	0.0950583181669597
ENSGEXAMPLE091-rs000091	male	0.174018999107202	-0.120806607295946	-0.020823763162451	0.0660568496926487	0.17042786724502	0.277733642562543	-0.283987883934536	0.064273328295052	-0.121858446345314	-0.16673526261267	0.10238120042591	0.19643319885411	-0.150745209237792	0.249679465221427
ENSGEXAMPLE092-rs000092	male	0.111430229360114	-0.0205778800821976	-0.347102959673556	-0.112876995935963	-0.160376554840091	0.248016086642879	0.0262586899120182	-0.0891300393726057	-0.0634907071451698	-0.208984560166724	-0.11497352799946	0.0723514058151176	0.178995742956323	-0.260956593527574
ENSGEXAMPLE093-rs000093	male	-0.155542423525019	0.144023148683066	0.0310190443531131	0.329996341704698	-0.0380882575108411	0.328616103386198	0.248896133862622	0.0217531959496528	-0.0705289257051357	-0.0372327326899439	-0.0782254892647647	-0.245579104146782	-0.00978404343686308	0.0346729429212872
ENSGEXAMPLE094-rs000094	male	-0.1344164155736	-0.307039253071704	-0.0891285542927152	-0.259491656812839	-0.0943521581969749	-0.16202485131539	0.147430982503024	-0.134036800133227	0.0143380652435046	0.0134864836230021	-0.117986407616063	0.209729486184833	-0.0235158759424452	0.120405965871311
ENSGEXAMPLE095-rs000095	male	0.0760258132771765	-0.226322397158055	-0.0326888366388667	0.0377218668363219	-0.103751778203474	0.0780805557816656	0.0587787046170313	0.161059580423188	0.273014606619362	-0.0559678581571229	0.157495072528978	0.0673765007442879	-0.127781215567866	0.313207768616177
ENSGEXAMPLE096-rs000096	male	-0.145658901449743	0.0639634263256702	0.189163367693131	0.101109349934316	0.0578906654015172	0.0741422321445556	0.0810061541699506	0.268369318379238	0.134600263133118	0.150957624316026	-0.100201253089057	-0.234034939689599	0.0406908252538964	0.0399104507021268
ENSGEXAMPLE097-rs000097	male	-0.0754090054428265	-0.126940295532731	-0.290773864289284	0.0989282775618982	0.147424395660338	-0.192504895056842	0.213133132192349	-0.24193084659422	-0.247437896446373	-0.205467959619644	0.0283999052167359	-0.204477565086199	-0.150442571541119	0.0201689839380586
ENSGEXAMPLE098-rs000098	male	0.0816004636797934	-0.0307818470273378	-0.258720849075142	0.322256074562851	0.0951626784311783	0.110349372587697	-0.00921163455933902	0.162715453168214	0.0502313969146855	-0.0678622959151711	-0.062708217909665	-0.046859078433823	0.0521730518933154	-0.0787900222651553
ENSGEXAMPLE099-rs000099	male	-0.0959860836543131	0.147698503725342	-0.0896123104978469	-0.0195637309694464	0.355657768003148	-0.285957951395281	-0.182363146738998	-0.233987772482086	-0.220265727207609	0.268894707737938	-0.120475418440727	-0.0403525730314178	0.185094980930867	0.18831493145935
ENSGEXAMPLE100-rs000100	male	0.199052260572289	0.0302107015540781	-0.183139980633828	-0.0752794671569621	0.236681295468624	0.171370282443793	0.12560557301632	0.571987550814515	0.341259799021243	-0.272613212744809	-0.447526479367698	0.246975728937696	-0.0692088997674956	0.245251406052921
ENSGEXAMPLE101-rs000101	male	0.210607942217108	0.0102963400919448	-0.376924814304086	-0.0619016444902069	-0.200357438392853	0.0120463613859847	-0.337579431757571	-0.106650836465386	0.231412001409139	0.068757858670869	-0.207397257661356	0.220769583587937	0.0105518146746552	-0.00659591296555476
ENSGEXAMPLE102-rs000102	male	-0.362076894666597	0.0485961837540514	0.178152216958419	0.0405045328570428	-0.0550064632648574	-0.0324029943823926	0.0463427894005661	0.0457021566182231	-0.06022219108666	-0.104705213657826	-0.17878457020998	-0.168032467320649	-0.132193970599466	0.25887981123077
ENSGEXAMPLE103-rs000103	male	-0.00090364780456087	-0.110311257889658	0.102697202638087	0.317826769016492	-0.064042015064552	-0.0621554977364755	0.489407992234447	0.22477924182427	0.34229717343993	0.0493166370348872	0.242160737053054	-0.129042675405553	0.0794976234814158	-0.198972371295335
ENSGEXAMPLE104-rs000104	male	-0.400486051990483	0.0457219465311031	0.0629329637027495	-0.169457221930868	0.069894341590288	-0.049842939377671	0.100606372461086	0.0424961156086743	-0.0437653873687358	-0.125810096464206	-0.0182051810994004	-0.07426921408433	0.0219971307093078	-0.12462155515077
ENSGEXAMPLE105-rs000105	male	0.143687311001607	0.0859376121282801	0.140386476745512	0.0777011009917681	-0.165874610439046	0.218084967205402	0.0347342122246917	-0.396920431874529	0.159690698136889	0.130961125857192	-0.113734230062539	-0.255858961594688	0.159570122554903	0.00682819092907966
ENSGEXAMPLE106-rs000106	male	-0.189860846550375	-0.219338317967787	-0.2992118744664	-0.0280291931280873	-0.281572651387703	-0.0936798527639043	0.147577462087422	0.123917201529175	-0.118231763094059	0.29792816648284	-0.13156900731838	-0.0848566956887456	-0.28351338697218	-0.0858035664112652
ENSGEXAMPLE107-rs000107	male	-0.178291624860976	0.224857497117281	0.0345941466832323	0.21122048003553	-0.141951021160862	-0.0890626298233322	-0.176900163394634	0.0679638309733958	0.0878910559332918	-0.15468411117387	-0.129629655102033	-0.166136440926388	-0.0355860551850748	0.224268133524786
ENSGEXAMPLE108-rs000108	male	-0.0372136944278134	0.121949949493261	-0.119149792323179	0.120736929573189	0.0973434485807849	-0.2428149452083	0.126877169172723	0.0582810416063583	-0.0653471390542535	-0.242517546854992	0.153889999781797	0.227612405473079	-0.0341517862573832	-0.116315740036066
ENSGEXAMPLE109-rs000109	male	-0.0620259366410078	0.0837462848630563	-0.00352232968380992	0.0119972898277776	-0.0150377458914217	0.147233626673379	0.0110111207261085	0.260585494892661	-0.0834176002559346	0.117256218501353	-0.106993254366987	0.383332619059516	-0.360507041725403	-0.0931909271880485
ENSGEXAMPLE110-rs000110	male	-0.195924793167331	0.0249716535443273	0.30260995609191	0.0628538785984137	0.36256036366357	0.117056120541685	-0.0892107427220417	-0.146193062977529	0.0441683440906917	0.0566140410166574	0.120298925121232	0.0275760005797617	-0.464709241897195	-0.0801938251441957
ENSGEXAMPLE111-rs000111	male	0.0502673496798322	-0.0814864378992407	0.172691349364276	0.503130877577312	0.113594154828145	-0.427924008026859	0.0599326986667927	0.346502535284949	0.305238786626589	-0.0171021551997647	0.143576816394459	0.0602062559535977	-0.35924168111805	-0.122795119928436
ENSGEXAMPLE112-rs000112	male	-0.152062371612662	-0.0272326999179052	-0.105787906010666	0.00582786891776453	0.0420213828432414	0.2313494826131	-0.125566918986046	-0.312962612451473	0.0692193733688115	-0.0703359435786064	0.212515858004852	-0.198769300009101	-0.122363331432343	0.161962032152758
ENSGEXAMPLE113-rs000113	male	0.229164853915193	0.134624288945729	0.29202896346571	-0.194010953642629	-0.153462877880296	0.226358055997777	-0.16723801165886	-0.138412388337344	-0.127100507662547	0.313855780968522	0.100358641244767	-0.135300039120461	0.196214625718631	-0.0655867932219188
ENSGEXAMPLE114-rs000114	male	-0.0321716879119855	0.24542380410416	-0.0978843809601182	-0.261393620728626	0.122843113216622	-0.158904092084082	-0.324735643271662	-0.0808563722051444	-0.102304502805226	-0.229559062344921	-0.144181364490823	-0.019822816373711	-0.0687200972248638	-0.0553226422938423
ENSGEXAMPLE115-rs000115	male	0.452952567629588	0.00420597260714714	0.0802479177278298	-0.131388548450487	-0.105239480390401	0.211269428083048	-0.210547923386533	0.196404945387802	0.0441738861145483	0.151756813332911	0.248563279486971	0.380099524944673	-0.213633547025951	-0.325839908855324
ENSGEXAMPLE116-rs000116	male	0.00399879547066722	0.213096066957215	-0.00821805678795474	-0.318741715531263	0.0774310476829125	0.00320061891313986	0.119179299046314	0.252371672602114	0.441146652930308	0.180578941516344	-0.285679744758677	0.0137106371839034	0.0721356474934496	0.130191043708159
ENSGEXAMPLE117-rs000117	male	0.161577471817519	0.0535140567749245	0.359174602157174	-0.145640068010529	-0.197929356022772	-0.151642211776751	0.0319269774410222	0.0692041686100458	-0.0909905875415244	0.127812831116293	-0.145947839670575	0.0351412546004168	-0.00174202799650575	-0.206927562888575
ENSGEXAMPLE118-rs000118	male	0.0195829856987721	0.109856501511639	-0.196491985135775	-0.0718391157033625	-0.0157012900582758	0.103355325274843	0.123000778085305	0.369449916395674	0.0484211711305874	-0.0889287794026237	0.0401546544512826	0.10837600121841	-0.0283876619224124	-0.159875995176134
ENSGEXAMPLE119-rs000119	male	0.187827779565619	-0.0762535829851335	-0.157200211676633	-0.0347331727874648	0.13011916177052	0.129393071681903	-0.00892385468603979	0.102082167850132	-0.066090902232635	-0.235723899335959	-0.0516456125441146	-0.00911262059269378	-0.0171068848541365	-0.0497906057793467
ENSGEXAMPLE120-rs000120	male	-0.0738294008214071	-0.193744756944519	0.00986473655393838	0.119648217258408	-0.205422867802221	0.249225794176405	0.0727637143214812	-0.1777398342492	0.127590601447703	-0.304255657377645	-0.095196576603043	0.0459294284407646	-0.087246487875083	0.160886796805026
ENSGEXAMPLE121-rs000121	male	0.207882192086066	0.169932243542967	-0.0740935297053541	-0.0939801404919475	-0.101833639039863	-0.034281343933287	0.068182959719278	0.343516611311483	0.0855202432824847	0.248661754373078	-0.125414971131959	-0.0591872230047965	-0.0809854389760016	-0.110297889238693
ENSGEXAMPLE122-rs000122	male	-0.0316920810272183	-0.236078980892637	0.0934250171771197	0.287883907042406	0.0192552091390287	0.108023374908257	-0.105214591065208	0.198452606468518	0.139329798639363	0.00010367555073941	-0.043419759457155	-0.039033472345079	-0.0341783376776361	-0.344777534782313
ENSGEXAMPLE123-rs000123	male	0.438680510310918	0.326047676819221	0.155773873942016	0.249406024531867	0.142895368670968	-0.00158053315272028	-0.0912886020010696	-0.117313382494631	0.0583933715157086	0.189586829815599	-0.153546834464406	0.170889465171916	-0.0181166945475878	0.265481388274606
ENSGEXAMPLE124-rs000124	male	-0.0772174818744989	-0.16783671813338	-0.187858240036044	0.255598336083775	0.210303786965218	0.151824788869924	0.285675685974777	0.147109071901509	-0.0965672415643865	0.162415144396339	-0.119095196940895	-0.169759162792003	0.29219862544732	-0.283682213855516
ENSGEXAMPLE125-rs000125	male	0.137050356708095	0.115562658518518	0.0732871007456428	-0.00155303828613515	-0.132239252820714	0.177643226156999	0.149652148875888	-0.37933226481493	0.130053486495865	-0.0457670025404938	0.136914020850871	-0.00268992767656184	0.512882451327254	0.188000207671107
ENSGEXAMPLE126-rs000126	male	0.123516146845471	0.361028914635857	0.114721909418091	-0.133385679308927	-0.219576707832057	-0.168274770713542	-0.219704045896455	-0.0606292787655393	0.155470891026924	0.257971635964415	-0.0858430803230615	0.253309760074865	-0.0147704538344859	0.167003289206253
ENSGEXAMPLE127-rs000127	male	-0.219542357533129	0.1994798217519	0.00558164253596752	-0.104921278963892	-0.0405232702102971	-0.16806025699729	0.149051406424428	0.0356132587231936	-0.00650017681176744	-0.0386594340032227	-0.12626573156816	0.0530484726454635	0.234294507651892	0.084707136974131
ENSGEXAMPLE128-rs000128	male	0.109763252595465	-0.259661065773685	-0.105644599124233	-0.307349603503346	0.210707083430875	0.292515866278155	-0.152000750171598	-0.0447913914781731	0.107808222055766	0.259500487131925	0.0628491612652573	0.0317983063439082	0.0331038507569246	-0.0385940529042922
ENSGEXAMPLE129-rs000129	male	-0.179433883698907	-0.215255629188016	-0.175815782281152	-0.304985934792098	-0.119684383343814	-0.22259741153655	-0.188969784035378	0.09729395442135	-0.0471498690845507	-0.170870128137795	0.158756354196362	-0.163833808508473	0.209391040163711	-0.106606411667585
ENSGEXAMPLE130-rs000130	male	0.00832723604860256	0.191620063875082	0.032231872315787	0.0552115422563754	0.202450727856984	0.144105721610561	-0.356884725129123	-0.0653106100927142	-0.242866712852061	-0.136656565292246	-0.0495633274182139	0.0368638690599136	-0.211102065540326	0.214308509815522
ENSGEXAMPLE131-rs000131	male	0.325718411868016	-0.459710024500886	0.118456592712067	-0.0993115495000561	0.0456260425623032	0.244275095511114	0.315267726050058	0.114135809254578	-0.257544994829141	0.119596109821813	0.0508058055995032	0.0174542976406305	0.31755364918515	0.162365060036975
ENSGEXAMPLE132-rs000132	male	-0.204938314516067	-0.104511925619864	-0.000141821564911881	-0.0137102695261604	0.0143218309108005	0.0583730087041784	0.126457594422392	0.0617944234350285	-0.145093943506173	-0.0151591019707246	0.183548824812336	-0.169326804991896	0.119294899062739	-0.300874691746882
ENSGEXAMPLE133-rs000133	male	0.0323802098567306	-0.0651794308189326	-0.0808831238232469	-0.275753218230809	-0.467876053553222	0.146712704760605	-0.0303527399643895	-0.137313006509784	0.0089822913619244	-0.130820795311797	-0.496728991173842	0.270570260492678	0.490817403149309	0.0230209031383251
ENSGEXAMPLE134-rs000134	male	-0.118024166397099	-0.0469524090340688	-0.264559493467152	-0.229379834179341	0.0984060678744141	0.170166077535591	-0.110476843462374	0.0771906802781868	0.150164071214509	-0.0849027386526746	0.144694214701481	0.116594136914238	-0.008929265856076	-0.0367426942934734
ENSGEXAMPLE135-rs000135	male	0.154057164788328	0.00730951865930684	0.198055834964224	-0.0370394861627105	0.0432226947987072	-0.0280611673214322	0.358970254527203	-0.0613275498931354	-0.275064769999067	0.163192638289694	-0.0860853710712336	0.0525210514363465	-0.149596850632187	0.00123315170468984
ENSGEXAMPLE136-rs000136	male	0.0159752131679246	0.000978013295777021	-0.00292304815335563	-0.099781013414803	0.100409819045056	0.702245565540229	-0.0669779916314035	0.0437542729514053	-0.127309420742964	0.062288796474144	0.37000623049819	0.316751051926932	0.0888175754913131	0.0701673781753513
ENSGEXAMPLE137-rs000137	male	-0.0672286770105298	-0.298338023034344	0.0411263746426223	-0.196172131929775	0.29811888251596	-0.0411045768532569	0.213240480293098	-0.18443320641363	-0.147950694245799	-0.204191979740648	-0.157193368125132	-0.256733340828216	0.0104456660482426	0.136602002140949
ENSGEXAMPLE138-rs000138	male	-0.293207077158062	-0.0492386877002201	-0.308653182172032	-0.245005761944866	-0.144069614791778	-0.207071645887798	-0.0541224143721621	0.228940894928703	0.149334189931175	0.247118796921061	0.170718335157769	0.0253906854564245	0.181164825183036	0.238609795179172
ENSGEXAMPLE139-rs000139	male	-0.17712016173939	-0.194044560654478	-0.111110882804495	0.0182277845875741	-0.28647672697334	-0.0899409690134234	0.21245710399272	0.0326414841383608	0.260136832302123	-0.189518473389905	0.0528753732382812	-0.0845677195587149	0.185243300008392	-0.244020298861787
ENSGEXAMPLE140-rs000140	male	0.0866033432675578	-0.164349181354815	-0.0302190895976004	0.0317685228362814	0.130540676864211	-0.400287572489318	0.0784997154979684	0.19550812824887	-0.0352007558300488	0.360242792911216	-0.183769916755735	-0.106078877883365	-0.00228706404815274	-0.103974413636162
ENSGEXAMPLE141-rs000141	male	0.163604243226552	-0.00982117297989753	-0.207609601807203	0.232466530906487	0.0373204063916672	-0.0645936064968692	0.0711841626658136	0.0310210775556016	-0.0172040248244458	-0.00103380150731262	-0.140901210259806	0.148646730387741	-0.0765663165013248	-0.10477137653119
ENSGEXAMPLE142-rs000142	male	-0.0118521423579539	-0.014997576536223	0.0637053601124919	0.0347782126157928	0.32022590875928	0.213478290167057	-0.15330799053424	0.0340016184231755	-0.341774470618264	0.140645329486111	0.395796227698585	-0.347442883797449	0.022392393966981	0.179754965656059
ENSGEXAMPLE143-rs000143	male	0.128005344716558	0.257037547793969	0.22322879537131	0.323895312965806	0.187235465945172	-0.0395601366801382	0.000842185051389846	0.12476600546211	0.178924674968639	0.415881323363906	-0.133822763755498	0.20024385128675	-0.418388737289947	0.0611467624727544
ENSGEXAMPLE144-rs000144	male	0.0715824802480288	-0.22086746923681	-0.0849484817127991	0.00909922144247617	0.141974549630476	-0.112806473297841	-0.0652984915719278	-0.193820941205855	-0.037768114718631	0.21101240678862	-0.179388718969054	-0.150955276304707	-0.144811280935647	0.206275828262249
ENSGEXAMPLE145-rs000145	male	-0.255488566582424	-0.0932824898576331	-0.0421465338437028	0.118970186644105	-0.184759247169148	-0.0190350770731878	-0.0665020949876297	0.0944015364362208	-0.218218691789006	-0.0909848222253303	-0.271845353384192	0.156464603823523	0.206382787926058	-0.19552424788448
ENSGEXAMPLE146-rs000146	male	0.212747356027096	0.143042173175262	0.0858755877588235	-0.0308212730167249	-0.316201864902063	-0.0452702397447826	-0.29055988645366	0.0490311291534464	-0.00402162663828828	0.0846406118152061	-0.0986651093533745	-0.0626786108066585	-0.18477176980827	-0.293317199989814
ENSGEXAMPLE147-rs000147	male	0.0351573224376818	0.117938787343509	0.11653150743545	-0.0840643764551175	0.0621854720637441	0.37433720759147	0.0859068402091609	-0.00990063422765583	-0.173897694209356	-0.219474553796787	-0.188116680163591	0.00568627451625416	0.00780864223925125	-0.206607677162489
ENSGEXAMPLE148-rs000148	male	0.336525869242398	-0.37507037868498	0.219272299119874	0.183567370099029	0.174547461541926	-0.0256642349807892	-0.0898400119554056	0.198620201827936	-0.0688647500458661	-0.0265068903995853	-0.187398843326473	0.0776119037683618	-0.055581534579101	0.280105019957566
ENSGEXAMPLE149-rs000149	male	0.12024908152246	-0.142894551165573	0.385480654322241	0.0959441835377433	0.123901867978628	-0.235146993130836	0.254992191178349	0.0150965400269259	0.149719962968429	0.281628077015239	0.0655261854331848	-0.191154008711343	-0.033883656122723	0.032974449971194
ENSGEXAMPLE150-rs000150	male	0.396879089293573	0.125670538437076	-0.251393174102013	0.169688313863329	0.091571128421379	-0.378328529490638	0.283030164730103	-0.129197376892944	-0.445293508885089	-0.0978991335178699	0.128768714195442	0.0974978761666757	0.249513420887512	-0.0331998412747799
ENSGEXAMPLE151-rs000151	male	0.292094176185197	-0.159942608763173	0.0853184435472937	0.0207556406278066	0.00737502609083705	0.0325976569445336	-0.189103435826075	0.154136452038743	-0.106311170460519	0.122503385943623	-0.224019677461231	0.294569838450073	0.000412925651681023	-0.277002411074316
ENSGEXAMPLE152-rs000152	male	0.0140937557467045	0.0168750775361541	0.0284540460714009	-0.192424809438035	-0.354326850662263	-0.318411070431154	-0.306852274251748	0.0719725202641135	-0.0763125409278716	0.140474347064134	0.230323157680695	-0.29747950821624	0.0814277132591756	-0.0788510708470662
ENSGEXAMPLE153-rs000153	male	0.233166221465297	-0.211527027283983	0.123238024098343	-0.125100050791317	-0.0127968024150025	0.149884407504509	-0.0318136608703247	-0.0942481647660615	-0.28282197705298	0.354531432491963	0.0619439056186556	0.120263779385115	0.132205779166199	-0.187958587593423
ENSGEXAMPLE154-rs000154	male	-0.260536179419797	-0.0268994231419843	-0.233366764109745	-0.109165148199734	0.255641018001873	-0.091099922947752	-0.0742609932787646	0.19389276781332	0.00653997722769651	-0.0428699319203857	-0.319435448260341	-0.109026091973087	0.152815013201863	0.140092836171488
ENSGEXAMPLE155-rs000155	male	-0.0996443833256332	0.0809656646366718	-0.145489742917025	-0.0453758556761473	0.0287763134411204	0.300153303828265	-0.245030886303355	-0.107760053140843	-0.0652743964807927	-0.0768331102505481	0.109470498833298	-0.163351669214734	0.14733666863963	-0.126077760404841
ENSGEXAMPLE156-rs000156	male	-0.0662840873240579	-0.0658015084160421	0.176616518573295	0.00859926808827987	0.0563206737375125	-0.310615064785181	0.0438951806595217	-0.216032504650513	-0.117464914897763	0.204049643853322	0.244221981118273	0.0913135669143852	0.129993911416027	0.0898291513494159
ENSGEXAMPLE157-rs000157	male	-0.0937962016133347	-0.18210320320184	-0.0174652359478397	-0.480520867148748	-0.306501606799655	0.0386508381031979	0.0771756261656646	-0.036993643966952	-0.028201122195494	-0.319662280391599	-0.027203772363743	0.165550069927387	-0.0765070314037194	-0.0141300273878639
ENSGEXAMPLE158-rs000158	male	0.147299274095698	0.210951999016599	-0.311703507114157	-0.194080155785247	-0.284242697944136	-0.135342895996904	0.144174699543483	0.0209063484436362	-0.0354027978408325	0.0452788855066676	-0.0935634871243763	-0.0909990703575023	-0.262353743721425	-0.120308761443813
ENSGEXAMPLE159-rs000159	male	-0.016510635105105	0.147064472734002	0.168640629766193	-0.168053212592972	0.0125202191475667	0.12417203248686	-0.233658847622374	0.180170914386513	0.278870502841443	0.0541470668103877	-0.0854841026686936	0.112800363728972	-0.283381741980228	0.192035618963478
ENSGEXAMPLE160-rs000160	male	-0.144563408011651	-0.178682255860122	-0.0565227442159337	-0.112092311409107	0.159389970983787	0.0141506055076048	0.0163529172725302	0.408892436782158	-0.228036259556497	0.232464811871974	0.0804800285631784	-0.164805538228736	-0.0874094819140618	0.0528265660821882
ENSGEXAMPLE161-rs000161	male	0.223854024450915	0.151015432441352	-0.111533085230036	0.21497188035763	0.135681664887581	0.286126305356202	0.143919894198791	0.0961251987049304	-0.262704820791107	0.213936869596121	-0.00660401434086281	-0.147754393327721	0.181344492916366	0.184353008258031
ENSGEXAMPLE162-rs000162	male	-0.0331058837353153	0.261739051051406	-0.157476884414614	0.0148863445422592	-0.0146238103033265	-0.218025448605846	0.0488106049676254	0.116484231175646	0.280300330579728	0.240269121589881	-0.204696057280317	0.0597724367271255	-0.0596786477680975	-0.125100605906183
ENSGEXAMPLE163-rs000163	male	0.212766229153605	0.160236030302374	-0.00941131132715034	0.0263138591959673	-0.133381331667722	-0.187508616451799	0.236664017521286	-0.049925121609312	0.545731198679616	-0.0484609699228288	0.235294561293962	-0.146382355124066	0.401155298562624	-0.0113362849612441
ENSGEXAMPLE164-rs000164	male	0.255249287757261	-0.288389441119156	-0.0915783558040437	0.000279821215329053	0.134634691146506	0.111014332996998	0.0760038790828942	0.425931187502462	0.0706380469900237	-0.0413113149342083	0.161012937193345	0.296085699629875	-0.254605700444093	-0.170726707085767
ENSGEXAMPLE165-rs000165	male	0.15865154917232	-0.280225459410728	-0.11876331240741	-0.0935893164402615	0.0528169394358148	-0.0531972721931712	0.225397431170371	0.0406566500566137	0.212373526855846	0.221276461386074	0.0711571165314543	0.103566253757052	-0.254864353739312	0.0252854680114622
ENSGEXAMPLE166-rs000166	male	-0.369069854512172	0.298338971890767	-0.00948491994126112	0.0972809968593386	-0.0628930688282825	0.0738247229642052	-0.118381178410141	0.162473290392789	0.0931986726225205	-0.12260377220987	0.243333891884393	0.0278792929705709	0.164791511367639	-0.16009390093212
ENSGEXAMPLE167-rs000167	male	0.00821202662830665	0.190501867568592	0.136711563449089	-0.250713716066748	0.241055752835114	-0.0507518293172352	-0.151157779832035	-0.194934255570867	-0.259281112887647	0.0880661427423363	-0.551758933581071	0.0058446875302121	-0.0700881182119994	-0.0183386804281465
ENSGEXAMPLE168-rs000168	male	0.184645526540117	0.0986004184703182	-0.00856535879208378	0.0828834600182668	-0.141718312571527	0.198794857662884	-0.148816289375893	-0.0392198868372682	-0.117669794228416	-0.0788079604162263	0.266966303980184	0.0342100990772214	-0.318304928284028	-0.0509364600789655
ENSGEXAMPLE169-rs000169	male	-0.00448543056662671	0.212853201748084	-0.326403089501667	0.13199833973931	-0.0684548816208435	0.013479535069409	-0.0913481465443119	-0.0822054523270101	0.147124347640037	0.193193103318685	0.0665481260359355	-0.171967066401702	-0.0523727148837937	-0.151154501368338
ENSGEXAMPLE170-rs000170	male	0.100816274061739	0.12440542132895	-0.142362079399502	0.00993486631811399	0.0173411191175958	-0.235969516723892	-0.228128205948579	-0.351801034614278	-0.0928728530689009	0.00798214420691255	0.0104171512537122	0.0822928328242519	0.129382246708877	-0.214282985396976
ENSGEXAMPLE171-rs000171	male	-0.055845180031487	-0.0559924860960019	0.212917888571055	-0.2144614461643	-0.0714687355194402	-0.179308195058588	0.00271789294689473	0.282376506381833	0.0460442553512917	0.0134105658613935	-0.00349181639684322	-0.0589618265487322	0.0774078824697571	0.418528211521913
ENSGEXAMPLE172-rs000172	male	-0.0653989855043671	0.110833862822626	-0.01688931074615	0.310642460320717	-0.127572265124604	-0.146423124281743	0.056361816679868	0.156611489855864	-0.27859038928123	0.21897994325949	0.0700564314228718	0.00968698596536854	0.218500360598448	-0.128099753680748
ENSGEXAMPLE173-rs000173	male	-0.0407527946640626	0.121042025517212	0.393776988809673	-0.0136969362698509	0.118510307737035	0.0761229204832377	0.132837840585379	-0.0937972446531833	-0.194028213343241	-0.146636391232476	-0.137010432598142	0.224832843250539	0.10300699152872	-0.101464203612183
ENSGEXAMPLE174-rs000174	male	-0.169639540108156	0.126131302352331	0.371114101474482	0.00906867368084546	-0.0390593882813385	0.149362953457169	0.106251029556098	-0.0105004196249732	-0.116681020540392	-0.103396128378715	-0.301741699942002	-0.132357269591958	-0.401768091342223	-0.0549410864752557
ENSGEXAMPLE175-rs000175	male	0.0566216958469409	0.0832998935124148	0.312155634051629	-0.094858462279323	0.352340734674868	0.34408006320342	0.101145481508762	0.110935850400968	-0.227901206079112	-0.139696601430133	-0.144681628577188	-0.047839138233554	0.0182760154122608	-0.198372287989848
ENSGEXAMPLE176-rs000176	male	-0.00158006578892034	-0.206446196667677	-0.0226730757404048	0.213767776520219	-0.124024218726161	0.231926059624352	0.179470174025681	0.00325043241507936	0.0622601077915917	-0.33681931111901	-0.00367986348404256	0.143515529122741	-0.0521062760592839	-0.175682328137996
ENSGEXAMPLE177-rs000177	male	0.220216671257561	-0.16782984813989	0.0755217366682816	-0.10370248949165	0.0836177225757951	0.335428485867957	0.0529250886170762	-0.111223490638059	0.0626991377082095	-0.0162681569042453	0.164935551604153	0.144071326557185	-0.380304010568738	-0.101408540752908
ENSGEXAMPLE178-rs000178	male	0.0738571734142004	-0.274413058040776	-0.0614771625728747	-0.137205212102857	0.260135782820627	0.0920976453128833	-0.0871620163807976	-0.0268286644204381	-0.259715783175071	0.0895410475656082	0.0989309442105516	-0.0675557753832953	0.0324683737935793	-0.151496521871416
ENSGEXAMPLE179-rs000179	male	0.0910663727563067	0.188093923192395	0.216303244991242	-0.0950401770054414	-0.104936594006263	-0.0653547424547886	-0.0491624502274138	0.100741995962502	0.0630520956390654	-0.0562060455626832	-0.014307469731235	-0.236510541206912	-0.0414824915893474	-0.10237036701098
ENSGEXAMPLE180-rs000180	male	-0.0156097297257996	0.158486219350025	-0.235263538118826	0.16440562639318	-0.172362976830693	-0.125604373990765	0.105552721052494	0.0824649327662208	-0.216151578027422	0.237091321962568	-0.255348754225302	0.262461149091402	-0.0362626036517497	0.500809740269555
ENSGEXAMPLE181-rs000181	male	-0.226080718624934	-0.17961168030666	0.383465227417803	-0.124890994451887	-0.248171085894674	0.157916185437094	-0.0901157456557258	-0.272716569959154	-0.0818513517287047	-0.0678056264804277	0.182329996091044	-0.275759374607427	0.152446508477227	-0.0395734466136026
ENSGEXAMPLE182-rs000182	male	0.0723536804935257	-0.0745092071469455	0.0384742548790983	0.0820160800717037	-0.14020149951281	0.0175787571358479	0.110601110028791	-0.284389371941951	0.066672172846849	-0.0280968346911082	0.167352203619275	-0.301191837483281	0.137516126053601	0.112977069049528
ENSGEXAMPLE183-rs000183	male	0.136402406294874	0.0666855581017722	-0.111541421700999	-0.249874725954765	-0.0854396432987682	-0.0603091461878144	0.100774715279561	-0.123073621975994	-0.0622974446999307	0.0594505742544237	-0.27443729238325	0.059749448793648	-0.221436665654703	-0.109713617231796
ENSGEXAMPLE184-rs000184	male	0.0215162531044206	0.0267840302509046	-0.1567998607961	0.220978953554874	0.391489977052963	0.115192132416149	-0.263340796840309	0.0206871589021847	-0.00789339745772426	0.0667949371459359	-0.240810052938452	-0.196683360015291	0.121976274949027	-0.0393310461283069
ENSGEXAMPLE185-rs000185	male	0.153749444134637	-0.262765825800897	-0.213349030953897	-0.117933881436352	-0.191241955906588	0.139482712405582	-0.0588867424738994	-0.0239664145711939	-0.0127928270577085	0.43317299280025	0.0890068224350086	0.177589320837897	-0.214439118435206	0.0235333996953129
ENSGEXAMPLE186-rs000186	male	-0.00801704842341636	0.296580908753711	-0.0343951335714091	-0.0703322621771817	0.0305114112794522	-0.162568110079547	-0.153443227949386	0.064525946483286	-0.127726920284962	-0.0371215485712889	0.353747066579949	0.309381053239723	-0.190764428850261	0.0711816800113303
ENSGEXAMPLE187-rs000187	male	0.0602364312310232	-0.0875508295591855	-0.141374027213043	-0.0591510452301466	0.231359332281507	-0.43272657605616	0.414254977318637	-0.0216500265295476	-0.0239648262443728	0.0306410513726809	-0.20790730023135	0.0397292346688706	0.150574947028446	-0.287205116882777
ENSGEXAMPLE188-rs000188	male	-5.73852324779467e-05	-0.218471564547935	-0.0463297325564155	0.136406718022171	0.315707402316688	0.0291071342950221	-0.129796703202659	-0.0419902712291686	-0.124764797684729	-0.262123140570861	-0.0871806398209563	0.193148698171987	-0.104253700127447	0.0138795126943773
ENSGEXAMPLE189-rs000189	male	0.205566712900874	-0.214978559646035	-0.321309802862657	0.0260982835086478	0.238234182197637	-0.0403028248801327	-0.165649410612831	0.020034394930809	0.179277705712169	0.0089905009665185	-0.0854612414748081	-0.188760325737903	-0.200334684504307	0.175004935368426
ENSGEXAMPLE190-rs000190	male	0.121380651038012	-0.486110464981572	0.0447909502360288	0.232175156138893	0.187549017368129	0.114866886137757	0.0733761726634099	0.205601050840155	-0.228769693596734	-0.171565325028803	-0.0115338604781152	-0.0139945202032568	0.0548627951369709	0.213542371546702
ENSGEXAMPLE191-rs000191	male	0.0802087171300964	0.0545218998710973	0.316852433460911	0.101994000291964	0.216960552767045	-0.00863180380179938	0.0745892384137687	-0.362452803873762	-0.0614858350555772	0.0499111432370952	-0.341756821651465	0.210117135918381	0.0402176410554209	-0.00949698762848551
ENSGEXAMPLE192-rs000192	male	0.141174054554554	0.0833090687935522	0.0379221324901472	0.0951978402537778	0.0555848688193725	-0.0300281644735548	-0.0382616312611364	-0.0449504988454996	-0.163158873223584	-0.0666584578250445	0.316369318877196	-0.123117452691331	-0.257223714011098	0.241316776496325
ENSGEXAMPLE193-rs000193	male	0.0465344869313551	0.156859905064875	-0.170719833943794	0.377323237950222	0.153420268078407	0.0143720238798172	-0.0124544158784778	-0.203185352647435	0.0814833787149278	0.218463676863961	-0.015680762351442	-0.444399146474185	-0.0525205924796299	-0.0236905270697523
ENSGEXAMPLE194-rs000194	male	-0.0512816059449207	0.31952017506413	-0.149352854076295	0.229253205472897	-0.349168983614387	-0.0493704431313586	0.0358926243876429	0.123870945357049	0.02175035383994	-0.0218231504740102	0.250858782090697	0.329314213840342	-0.193738049162953	-0.143997510437423
ENSGEXAMPLE195-rs000195	male	0.138874512005424	0.149206820924721	-0.00366126693428342	-0.254476333886678	-0.118693195262858	0.408510717591304	-0.15979087011367	-0.142573764475249	0.0722338226080293	-0.0718112541799406	0.00644458367995136	-0.0957105242309407	0.154398666828457	-0.0135706021315033
ENSGEXAMPLE196-rs000196	male	0.0647257718589906	-0.14168896618555	0.0500075728654273	0.0860090855585969	-0.0233957203006652	0.478592366486511	0.464410141222038	0.0642362099754007	0.38519852887316	0.0357096974086668	-0.00947833017003684	-0.198952576830119	-0.171465272861351	0.229414876355966
ENSGEXAMPLE197-rs000197	male	-0.186897379519664	0.102041114353694	0.164256633095145	-0.251216642499942	0.316577457105333	0.150612834621591	-0.20317201785345	-0.120765706517274	-0.0383464511861223	0.0673721179222678	-0.152913987510138	-0.167669608312735	0.159249790895185	-0.0170970514204267
ENSGEXAMPLE198-rs000198	male	-0.0110058909865623	-0.328516775227745	-0.205929783651338	0.145623434415556	-0.205257845056832	-0.014859763047504	-0.309089620771656	0.11354014602134	0.0625999340574754	-0.114809276026959	-0.230704463359443	-0.0813706067959867	-0.0445786821987692	-0.212928251622857
ENSGEXAMPLE199-rs000199	male	0.135872069438166	-0.0335421106188403	-0.168907831400538	-0.0256531173932414	-0.361074919821527	-0.18625082904952	0.190271519218524	-0.132397662406359	-0.195852770016186	0.00751354481746089	-0.133894798135945	0.158206462805868	-0.109350625596148	-0.183821192604039
ENSGEXAMPLE200-rs000200	male	-0.192306496656233	-0.170446093476653	-0.209325875652889	0.0379262694585883	-0.0607730149761915	-0.0372607021358791	0.0999676372523474	-0.0838125583710846	0.0611124707332784	0.124078602488268	0.178847436193719	-0.187756141122261	0.133276648232871	0.148668136008725
ENSGEXAMPLE201-rs000201	male	0.0282498451194206	0.00281478404810448	0.190489450857369	-0.0784777470355858	0.0915810454683751	-0.0498925077391143	-0.00317304277850277	-0.164508027451433	-0.137495449112139	0.124410096522379	-0.0516309465934473	-0.375251410636981	0.0971083171527989	-0.00379896903056921
ENSGEXAMPLE202-rs000202	male	-0.183641212509509	-0.315852360193999	-0.0188991090623593	-0.107499513285623	-0.0568526130221928	-0.0956730758353489	-0.324546724486105	-0.051226739323044	0.10780515197789	-0.263190724831633	0.304233253678841	-0.255499203522677	-0.185434428967589	-0.224452565553236
ENSGEXAMPLE203-rs000203	male	-0.103946778595405	-0.008753735873807	-0.00424631079608123	-0.18471904133383	0.0210643979735254	-0.0858558273241792	-0.206345354526171	0.271824284028897	-0.121355712273307	-0.00491013110216635	-0.37369648391954	-0.197370912730195	-0.0495006939513242	-0.0879642030756414
ENSGEXAMPLE204-rs000204	male	0.154761190362784	-0.120636105358174	0.122507317984201	0.214086098024272	0.0553767020785941	0.00720901734012589	0.0046030631388361	-0.181255486920113	0.291489626211149	-0.201445670351015	-0.158890520120151	0.056472514435195	0.28300164391239	0.280016888676013
ENSGEXAMPLE205-rs000205	male	-0.103185592470447	-0.0264657667981979	-0.084951386443255	-0.170859578828909	0.238873903667569	-0.0878703938241612	-0.145378921260565	0.00761330198706222	-0.363316942900356	-0.0307743018824167	-0.561801615776753	-0.0878280543598193	0.103514936534025	-0.207646508942762
ENSGEXAMPLE206-rs000206	male	-0.0188010167973701	-0.0110130454103125	-0.240710793448006	0.0144735986975055	0.235210369091448	-0.0357983000916992	-0.057367172433	-0.225714936680996	-0.0128249376566916	0.306313284952797	0.0272868104901825	-0.182044565497802	-0.144956618145461	0.0338502464115785
ENSGEXAMPLE207-rs000207	male	-0.297733696154691	-0.428350278616739	0.166149333527517	-0.0257472068497955	0.205143188235686	-0.123625030488837	-0.0229170962766071	-0.0592419051870923	0.20391306930019	-0.156593174795876	0.059380059050042	0.0488736922424352	0.126553632378924	-0.165850308662072
ENSGEXAMPLE208-rs000208	male	0.0334305648565786	-0.0835226153754068	-0.379189367818702	0.0350315360176715	0.132002784714377	-0.0248349052549096	0.193027921067973	0.289035165473173	0.133618871834808	-0.0269392636099356	-0.111466041903741	-0.325285090268795	0.160371038588792	0.018831815040707
ENSGEXAMPLE209-rs000209	male	0.118791924541441	0.0399789230298489	-0.190905704407688	0.0344604614512573	0.0922155129731535	-0.0881235977802112	-0.354226727826038	0.29095620446922	-0.110254226807256	0.218712193553977	0.261591671665343	-0.226047868084495	0.00626223360816102	0.227389080213214
ENSGEXAMPLE210-rs000210	male	-0.260208647389294	0.0874450645646442	-0.300274037458236	0.213481461383967	0.177412336846557	-0.416630676022974	0.212259505196397	-0.198564553104692	-0.352407362629507	-0.095804059562399	0.142268941239834	-0.36025039629696	-0.00320729254628101	0.270287152134919
ENSGEXAMPLE211-rs000211	male	0.168871061925923	-0.0804161600952827	-0.065528905132472	-0.0560549610715628	-0.0393913125993121	-0.422120084207031	-0.188232948155366	0.223483395225732	0.155083424158212	-0.083787337377739	0.131152733796372	-0.185493606786368	-0.0755603878999479	-0.0945719163439914
ENSGEXAMPLE212-rs000212	male	0.37487779257154	0.187604421428296	-0.102790262694986	-0.105090777381108	0.0910024108491708	0.00441272174603254	0.0214786708863848	-0.0907103289815223	0.0668358342014085	0.0193620036063099	0.021011133192057	-0.0615934827770134	-0.213758694032062	0.0129823622647297
ENSGEXAMPLE213-rs000213	male	0.0897648127915366	0.151398003586685	-0.0778995845360236	-0.0919468564392187	-0.232048562854596	0.0758382138741571	-0.0263195558959834	-0.158405987081483	0.0941276155672271	-0.077281255129624	-0.112332243792156	0.393941980552713	-0.106097288174116	-0.197450112123571
ENSGEXAMPLE214-rs000214	male	0.380510978484408	-0.0222468544207168	-0.156674219801758	-0.103525951093922	-0.236587519043264	0.0623271026597206	-0.0214113974109642	-0.0906631329538551	-0.227330314403511	-0.047281829319763	-0.0377550131792826	0.426483622922712	0.0112580053102282	-0.123731381197356
ENSGEXAMPLE215-rs000215	male	0.0779889209910518	0.0238883795753985	-0.147676890551863	0.123311704599399	0.187281653437391	0.0702159606815571	0.454225532206184	0.0795622417016668	-0.247912639426364	0.39273896627462	-0.207281523826015	-0.277926614718381	0.09048979390445	-0.11258462391595
ENSGEXAMPLE216-rs000216	male	0.321354299159516	0.0526229962902063	-0.342562990798915	-0.20108423921362	-0.0533744588779975	-0.0779627718400849	0.0763987854664111	0.168812245583639	-0.19275305112391	0.0831000567905279	0.0856476004113041	-0.269525971917598	0.027982938841661	0.134364240185332
ENSGEXAMPLE217-rs000217	male	0.454329166476746	0.0650645555680618	0.0425418485496869	0.364445042682849	0.0795696795874977	0.381252299528178	0.169319336095513	0.0516639450958729	0.094141606941812	0.119142820567236	-0.0414672043440523	-0.138908015309083	0.116610490148227	0.191706201615747
ENSGEXAMPLE218-rs000218	male	0.261052759629945	0.248020121254667	-0.0258759324944605	-0.01452382933215	0.173129752794408	-0.0406036341455851	-0.0648600946517419	0.11747209619003	0.0345956455623551	-0.161488106596466	0.315428832442204	-0.0131057457565344	0.0224056754512757	0.292960980551249
ENSGEXAMPLE219-rs000219	male	0.399658783135198	0.0855950590070834	0.279505035311477	-0.0872306837833226	0.0301978926077551	0.150975251961775	-0.0123395181274149	-0.0366515961551837	0.402409340788852	-0.150663840840264	-0.0157899205527291	-0.138694501170841	0.0584460871714634	0.095642087717792
ENSGEXAMPLE220-rs000220	male	-0.128404834341945	-0.2507184064557	0.259793777898171	-0.195446194866006	-0.223576446777975	-0.0901387111085823	0.109343389046523	-0.00533060274589706	0.0612049132831205	-0.0938111123916927	-0.12918049863188	0.0943986528535207	0.00916112872522849	-0.271269677089396
ENSGEXAMPLE221-rs000221	male	-0.0378642552645751	0.426887307499365	-0.0350641737002843	0.18084186928702	0.363465134427175	0.109953331157823	-0.0861683637631744	0.029114210387537	0.0392912093465364	-0.130824783721081	-0.182398558391939	0.29399144755734	0.058023225328459	-0.14748381955886
ENSGEXAMPLE222-rs000222	male	0.125047494523181	0.0239994255840291	-0.577387928002122	-0.224914710146587	0.108788910101806	0.0972288687208101	-0.0890781740019899	0.184957472304205	0.314513038021103	0.0441036553607409	-0.247698402622326	0.0410869192430401	-0.0595565055608295	-0.249677279772157
ENSGEXAMPLE223-rs000223	male	0.19896794520407	-0.0651148986430024	0.0174502598323696	0.224340105773439	0.191433522966357	-0.210333506169828	-0.136508869819521	-0.100255743275529	-0.0790022446559042	0.137193545128316	0.245537190120786	0.0947056731474786	-0.0958918747476392	0.0723583350797302
ENSGEXAMPLE224-rs000224	male	0.0989712262319857	-0.417721198222129	0.0610761561515833	-0.105886623970621	0.19660728704791	-0.432902681042424	-0.323167092065942	-0.0910440014671317	-0.139497672171224	-0.102508162190239	0.118662480060747	0.253508301524379	0.0631573258983358	-0.0108070080666629
ENSGEXAMPLE225-rs000225	male	-0.117127265323968	0.0711015631923553	-0.035584137039111	0.139477545896339	-0.279097487606739	-0.0297998440932839	0.43480736168961	0.280272307138048	0.0752739239052509	-0.328009393877745	0.0711952600485166	-0.0798614947894464	-0.0907734219620032	-0.0998288699028707
ENSGEXAMPLE226-rs000226	male	-0.12394226157269	0.130533093783816	0.0850892421101316	-0.273680948489687	-0.0344196534738332	-0.387945740088725	0.10057852954157	0.0410474832064865	-0.182157683461053	0.0625865595194967	-0.303427596844256	0.0619832233754429	0.0660590781221761	-0.0593537185256353
ENSGEXAMPLE227-rs000227	male	-0.234009923476228	0.303758983984084	-0.190840383507604	-0.038403639898049	0.00231776822520303	-0.0843370950452799	-0.0770732816513965	-0.0341570830458841	0.0747566963432467	0.0538290635655223	-0.0982831944840076	-0.185637787368982	-0.126482708246152	-0.0457435433854642
ENSGEXAMPLE228-rs000228	male	-0.263562425618016	0.209725948242188	-0.0480910463075071	0.0606906720314706	-0.0985001414172834	0.0177541676034555	-0.0704788627184579	-0.279375297802547	0.0348432646609632	-0.25016920459429	0.105884410195516	-0.171546860213401	0.00860958023576908	-0.364904569229872
ENSGEXAMPLE229-rs000229	male	-0.147244592682312	0.145592984416097	0.28547994071347	0.0900780991715604	-0.0297434724019999	0.441020469422501	0.0151191476507098	-0.137049383625656	-0.0125098296165218	-0.0576628558765014	0.0481836206590095	-0.00973418145398928	-0.286535769002601	0.3856168660197
ENSGEXAMPLE230-rs000230	male	0.284660812600997	-0.182801590116407	-0.0179511814457087	-0.0662635103126781	0.198546103941651	0.00149842223972626	-0.248707758246995	0.0662281487347424	0.0537193506325145	-0.149507322630405	0.333869013137106	-0.0497817324760749	-0.179783219926068	0.302935329402556
ENSGEXAMPLE231-rs000231	male	0.457864875470192	-0.147532880333688	0.25065149244032	0.149751722168549	-0.0201153842422041	0.0016739383106784	-0.110282070476072	0.446245717143198	0.00775701629925625	-0.158670493310975	-0.0935790654574111	0.0810520373056231	0.134928768533417	-0.0246126796519414
ENSGEXAMPLE232-rs000232	male	-0.0341407829350457	-0.122544189006629	-0.0347789394945883	-0.164042989164513	0.142582817912138	0.101254211644803	0.128717493144676	0.244263917151999	-0.048868105332583	0.132728443246704	0.133056647815875	0.0372347929437766	0.242684061313483	-0.106175770340515
ENSGEXAMPLE233-rs000233	male	0.318205258643584	-0.144396073836276	-0.1914039904244	-0.0216633091107998	-0.196917518635046	0.155375107872753	0.0155654671441572	-0.0987337078133761	-0.143830630112544	-0.115507134726785	0.10246206740475	0.105369698723195	0.0560799984241498	-0.163112969844573
ENSGEXAMPLE234-rs000234	male	-0.0474199852121666	0.0479635373394171	0.0852584290847741	0.195360507012584	-0.150944849553586	-0.0768046908042142	-0.399728752454025	0.135536710548769	0.0948528699077079	0.142904990924929	-0.0139652176790711	0.0354008650024158	0.236203146411656	0.106770947850196
ENSGEXAMPLE235-rs000235	male	-0.263165867244007	-0.452724844278178	-0.127727200665643	-0.19840114718343	-0.303237297405205	0.215115510326663	0.356818783855119	0.0181053737344028	-0.398340864226886	0.231740994005146	0.00683313990978817	0.0531189111804156	0.179363429993051	-0.0259033573893064
ENSGEXAMPLE236-rs000236	male	-0.16308313518961	0.0562920140761763	-0.211067284983499	0.161182213153961	-0.136799973389959	0.198981673103273	0.0853961706982924	-0.270883282422785	-0.0156880641029342	0.0138171248047029	-0.106610955636558	-0.00803065982308376	0.323759421770545	-0.149258599062719
ENSGEXAMPLE237-rs000237	male	-0.0490827493752274	-0.059274095923457	-0.0848055349327255	0.0530661734352438	-0.15214875401273	-0.015679363383604	-0.0394968740221077	-0.150745392408627	0.019302470616536	-0.0656522839315078	0.154856307919835	-0.258169391395597	0.0871331833769285	-0.26083457267444
ENSGEXAMPLE238-rs000238	male	-0.107368548774644	-0.187998463915209	0.0136816799183351	0.325578503797685	0.458028325290166	0.105804375688388	0.268559437622731	-0.0981766043883284	0.0322176403090812	0.301154656604424	-0.044097836804715	0.182453082790739	0.320777332950385	-0.043165500433431
ENSGEXAMPLE239-rs000239	male	-0.191200250161477	-0.0961852242743679	-0.131413578353035	-0.0436475594441496	-0.357458321233753	-0.257772764634959	0.193411968179794	-0.0603621228084918	0.213892410212714	0.372626840741915	0.124190754137498	0.0518456458997596	-0.00768563027194099	0.223431408928686
ENSGEXAMPLE240-rs000240	male	-0.233281473938201	0.0514982292923822	0.0767757810550114	-0.120492454588384	-0.297623783349641	-0.0372593350825729	0.0515444061751935	-0.106982327507233	0.173933447752328	0.172660826128084	-0.00948170444398258	0.160159327248689	0.258652279000815	0.192702961027425
